unified_id,hot_tub,pool,street_name,latitude,longitude
AIR10052559,1,0,Heavenly Valley Road,34.23948,-116.87991
AIR10178668,0,0,Round Drive,34.25095,-116.94139
AIR10211700,0,0,,34.24516,-116.87618
AIR10344705,0,0,,34.2675,-116.86089
AIR10424683,0,1,Starvation Flats Road,34.25341,-116.88025
AIR10471190,1,0,Spruce Lane,34.23844,-116.82383
AIR10551482,1,0,La Crescenta Drive,34.2355,-116.8483
AIR11209785,1,0,,34.23943,-116.85551
AIR11458668,0,0,Waynoka Lane,34.24263,-116.92486
AIR11529774,1,0,Carmelita Way,34.8019,-116.37654
AIR11623857,1,1,Starvation Flats Road,34.25264,-116.8808
AIR11654882,1,0,Fenway Drive,34.2422,-116.8618
AIR11692683,1,0,Mullins Drive,34.27166,-116.85132
AIR11735648,0,0,Summit Boulevard,34.23979,-116.88697
AIR11785147,1,1,Starvation Flats Road,34.2521,-116.87999
AIR11799363,0,0,,34.23996,-116.92826
AIR11921717,1,0,Eureka Drive,34.24654,-116.89829
AIR119838,0,1,Mountain View Circle,34.12838,-116.31354
AIR12246386,1,0,Silver Tip Drive,34.237736,-116.862297
AIR12325663,1,0,Navajo Trail,34.11093,-116.3238
AIR1243216,1,0,Saddleback Road,34.121407,-116.328949
AIR12466059,0,0,Yosemite Drive,34.22938,-116.84423
AIR12495850,0,0,,34.24372,-116.9171
AIR12520281,0,0,Deer Run Court,34.23125,-116.86125
AIR12647814,1,1,,34.15362,-116.43614
AIR12651776,0,0,,34.26642,-116.86604
AIR12826044,0,0,East Aeroplane Boulevard,34.25887,-116.84183
AIR12833882,0,0,Siskiyou Drive,34.22742,-116.85785
AIR12904929,1,0,Jeffries Road,34.23966,-116.9024
AIR12942776,0,0,Sunburst Drive,34.12841,-116.31947
AIR13060219,1,1,Foothill Drive,34.12236023,-116.2212906
AIR13126924,0,0,Canvasback Road,34.24508,-116.93356
AIR13167327,1,0,Menlo Drive,34.23817,-116.85878
AIR13274494,1,1,,34.14173,-116.18252
AIR13634652,1,0,Starvation Flats Road,34.25165,-116.87831
AIR13639669,0,0,Siskiyou Drive,34.22792,-116.8568
AIR13686367,1,0,Antelope Mountain Drive,34.26984,-116.85901
AIR13687864,1,0,Green Oaks Court,34.23525,-116.84814
AIR13696080,0,0,Round Drive,34.25041,-116.94128
AIR13716929,0,0,Temple Lane,34.24416,-116.92566
AIR13724939,0,0,Marin Road,34.2415,-116.90719
AIR13746160,1,0,Eagle Drive,34.24947,-116.90189
AIR13801200,0,0,Wren Drive,34.24626,-116.8953
AIR13829324,0,0,Tahoe Drive,34.24456,-116.89486
AIR13996202,0,0,Blue Jay Road,34.24083,-116.94922
AIR14089677,1,0,Tehama Drive,34.23653,-116.86166
AIR14124182,0,0,,34.23737,-116.88843
AIR14124206,0,0,,34.23663,-116.86494
AIR14124266,0,0,Villa Grove Avenue,34.24365,-116.85827
AIR14124584,0,0,Stony Creek Road,34.25003,-116.8681
AIR1428379,0,0,Saint Moritz Drive,34.24092,-116.89069
AIR14335230,1,0,La Crescenta Drive,34.23439,-116.8472
AIR14342504,1,0,Sunset Lane,34.2472,-116.83108
AIR14467679,0,0,San Pasqual Drive,34.22893,-116.84976
AIR14469396,0,0,West Rainbow Boulevard,34.25856,-116.84709
AIR14480012,1,0,Park Avenue,34.24477,-116.89234
AIR14480136,0,0,,34.22993,-116.84758
AIR14480143,0,0,Angels Camp Road,34.23057,-116.83889
AIR14521351,1,0,,34.9755,-116.30666
AIR14529233,0,0,Temple Lane,34.2428,-116.92337
AIR14759123,1,0,Cedar Mountain Road,34.27016,-116.85849
AIR14771743,0,0,Lassen Drive,34.22923,-116.85945
AIR14786504,0,0,Thrush Court,34.23772,-116.89224
AIR1484195,1,0,,34.23704,-116.86718
AIR14948466,1,0,,34.24391,-116.88486
AIR14961212,0,0,Klamath Road,34.23797,-116.84575
AIR14983336,1,0,Sunset Road,34.12908,-116.31856
AIR14992690,1,0,Forest Road,34.24419,-116.92925
AIR14994173,0,0,Edgemoor Road,34.24442,-116.93283
AIR15056526,0,0,Saint Moritz Drive,34.23893,-116.89144
AIR15073367,1,0,,34.12604,-116.32487
AIR15085009,0,0,Chipmunk Lane,34.24589,-116.94465
AIR15165066,0,0,,34.2368,-116.86184
AIR15225059,1,0,Wilton Road,34.11622,-116.35228
AIR1526344,1,0,Kismet Road,34.9347,-116.42317
AIR1534914,1,0,Main Street,34.23961,-116.90659
AIR15436072,0,0,La Crescenta Drive,34.23452,-116.84998
AIR15453260,0,0,,34.24114,-116.90688
AIR15484066,1,1,Surrey Avenue,34.1846,-116.39616
AIR15498520,1,1,Starvation Flats Road,34.25341,-116.88133
AIR15512762,1,0,Guinan Lane,34.24049,-116.92624
AIR15564286,1,0,Willow Landing Road,34.23933,-116.94673
AIR15598354,1,0,Crestwood Drive,34.237957,-116.886131
AIR15616221,0,0,,34.12539,-116.3165
AIR15630911,1,0,Mapleleaf Drive,34.24001,-116.8874
AIR15634146,0,0,Switzerland Drive,34.2377,-116.88712
AIR15707836,1,0,,34.23617,-116.87004
AIR15735291,1,1,,34.16053,-116.30614
AIR15754153,0,0,Willow Landing Road,34.24028,-116.95008
AIR15758715,0,0,Sunset Drive,34.23729,-116.85903
AIR15905180,1,0,,34.25371,-116.8732
AIR15938411,1,0,,34.23572,-116.8523
AIR15964091,1,0,,34.1294,-116.42907
AIR15970296,0,0,,34.26601,-116.83992
AIR16015622,1,0,,34.23774,-116.86115
AIR16016794,1,0,,34.2271,-116.86336
AIR16037507,1,0,,34.2435,-116.9442
AIR16039149,1,0,,34.24751,-116.89326
AIR16050122,0,0,,34.23573,-116.84557
AIR16070480,0,0,,34.23006,-116.85779
AIR16083055,0,0,,34.24049,-116.86402
AIR16088349,1,0,,34.22833,-116.8617
AIR16174471,0,0,,34.24058,-116.88416
AIR16221165,1,0,,34.23108,-116.84627
AIR16231405,1,0,,34.25266,-116.86658
AIR162404,0,0,Eagle Mountain Drive,34.27033,-116.86165
AIR16245792,0,0,,34.24912,-116.93689
AIR16259330,0,0,,34.24243,-116.89528
AIR16288265,0,0,,34.18483,-116.41717
AIR16304086,0,0,,34.23647,-116.80754
AIR16312572,1,0,,34.25739,-116.86471
AIR16323226,0,0,,34.22866,-116.84315
AIR16334878,0,0,,34.25006,-116.86766
AIR16367671,0,0,,34.26311,-116.82711
AIR16428200,1,1,,34.24338,-116.86064
AIR16440183,1,0,,34.25853,-116.85766
AIR16441497,1,0,,34.24566,-116.90314
AIR16489418,0,0,,34.23084,-116.85863
AIR16498571,1,0,,34.22893,-116.84176
AIR16498790,1,0,,34.236,-116.85902
AIR16498877,0,0,,34.2417,-116.88759
AIR16571256,0,0,,34.23659,-116.85792
AIR16572459,0,0,,34.25589,-116.8633
AIR16607032,0,0,,34.26816,-116.85146
AIR16635168,0,0,,34.26537,-116.86433
AIR16649967,0,0,,34.2387,-116.90242
AIR16666349,0,0,,34.23765,-116.88941
AIR16780142,1,0,,34.9581,-116.2879
AIR16789712,0,0,,34.23067,-116.84546
AIR16841066,1,0,,34.24015,-116.88935
AIR16856200,1,0,,34.2407,-116.88908
AIR16872807,1,0,,34.25133,-116.87433
AIR16917201,1,0,,34.24054,-116.87396
AIR16943701,0,0,,34.24644,-116.8754
AIR17030857,0,0,,34.23997,-116.88847
AIR17096154,1,1,,34.14736,-116.40437
AIR17110227,0,0,,34.25931,-116.83667
AIR17212296,1,1,,34.13917,-116.33239
AIR1722392,0,0,Thrush Drive,34.237926,-116.892067
AIR17333334,1,0,,34.22792,-116.85021
AIR17349530,0,0,,34.23258,-116.8486
AIR17364180,0,0,,34.16515,-116.24286
AIR17369087,1,0,,34.23678,-116.85518
AIR17384871,1,0,,34.22824,-116.84982
AIR17408320,1,0,,34.26053,-116.85826
AIR17545294,0,0,,34.23574,-116.84941
AIR17607459,1,0,,34.22479,-116.84839
AIR17607576,1,0,,34.23901,-116.95915
AIR17607578,1,0,,34.23653,-116.94631
AIR17607579,1,0,,34.24311,-116.8578
AIR17607586,1,0,,34.23953,-116.8982
AIR17607599,1,0,,34.23555,-116.90362
AIR17607600,0,0,,34.2558,-116.87515
AIR17607609,1,0,,34.22756,-116.8635
AIR17607620,1,0,,34.2453,-116.91475
AIR17619224,1,0,,34.11712,-116.48589
AIR17638604,0,0,Comstock Lane,34.26723,-116.85901
AIR17655595,1,0,,34.12129,-116.39656
AIR1782712,0,0,Emerson Avenue,34.12368,-116.39474
AIR17830005,0,0,,34.24474,-116.87627
AIR17909602,0,0,,34.24699,-116.89731
AIR17924654,1,0,,34.23985,-116.86063
AIR18003964,1,0,,34.25069,-116.90088
AIR18105126,1,1,,34.12578,-116.34337
AIR18121333,0,0,,34.24122,-116.94367
AIR18193860,0,0,,34.24427,-116.87622
AIR18232399,0,0,,34.25537,-116.86533
AIR18235116,0,0,,34.23474,-116.85354
AIR18313664,1,0,Los Angeles Avenue,34.23229,-116.85876
AIR18343563,1,0,,34.23966,-116.86695
AIR18347608,0,0,,34.23567,-116.85067
AIR184262,1,0,,34.1133,-116.28571
AIR18448029,1,0,,34.23587,-116.85723
AIR18462952,1,0,,34.24244,-116.87596
AIR18543482,0,0,,34.27061,-116.8433
AIR18567243,0,0,,34.26101,-116.836
AIR18567371,0,0,,34.24028,-116.86409
AIR18567474,0,0,,34.23743,-116.87161
AIR18567553,0,0,,34.24879,-116.89787
AIR18567624,0,0,,34.23997,-116.92725
AIR18567675,0,0,,34.23951,-116.85442
AIR18651707,1,0,,34.22759,-116.85574
AIR18703258,0,0,Balsam Drive,34.24073,-116.89083
AIR18722813,1,0,,34.11828,-116.33661
AIR18874839,1,0,,34.24332,-116.86237
AIR18895308,1,1,,34.24478,-116.92505
AIR18917105,1,0,Switzerland Drive,34.23689,-116.86056
AIR18917106,0,0,,34.25814,-116.84999
AIR18998787,0,0,,34.2633,-116.8422
AIR19019245,1,0,,34.13244,-116.32174
AIR19033667,0,0,Switzerland Drive,34.23559,-116.86542
AIR19033707,1,0,,34.24986649,-116.9007111
AIR19035499,1,0,Switzerland Drive,34.23827,-116.92564
AIR19081482,1,0,Comstock Lane,34.24091,-116.89006
AIR19244512,1,0,,34.27098,-116.85897
AIR19317721,0,0,Edgemoor Road,34.23583,-116.90066
AIR19332170,1,1,,34.13728,-116.35134
AIR19360866,0,0,Olympic Drive,34.23677,-116.88618
AIR19383702,1,0,Olympic Drive,34.25536,-116.87342
AIR19386566,0,0,,34.16756439,-116.3302155
AIR19403293,1,0,,34.25758,-116.81571
AIR19406789,1,0,,34.10349,-116.41843
AIR19506963,1,0,,34.23873,-116.89913
AIR1970683,1,0,Willow Landing Road,34.23922,-116.94652
AIR19722838,1,0,,34.10642,-116.45429
AIR19749104,1,0,,34.2459,-116.87623
AIR19810986,0,0,Windsong Place,34.248,-116.89939
AIR20074610,0,0,,34.24736,-116.80321
AIR20120805,0,1,,34.18451,-116.37916
AIR20184724,1,0,,34.250198,-116.872108
AIR20184725,1,0,,34.2423,-116.89654
AIR20184735,1,0,,34.24542,-116.94388
AIR20184741,1,0,,34.243141,-116.943047
AIR20184746,1,0,,34.240467,-116.959465
AIR20184750,1,0,,34.257992,-116.851227
AIR20184754,1,0,,34.231216,-116.845612
AIR20184760,1,0,,34.243519,-116.924408
AIR20189213,1,1,,34.203,-116.42459
AIR20193224,0,0,,34.2449,-116.90451
AIR20211077,0,0,,34.24339676,-116.9233856
AIR20217277,1,0,,34.23436,-116.85682
AIR20232436,0,0,,34.245552,-116.898773
AIR20232441,1,0,,34.262001,-116.813004
AIR20309826,1,0,,34.23329,-116.85152
AIR20393622,1,0,,34.24435,-116.86485
AIR20420503,1,0,,34.2412,-116.86121
AIR20428024,0,0,,34.23812,-116.92766
AIR20447177,1,1,,34.12868,-116.30823
AIR20450589,1,0,,34.2294,-116.84351
AIR20456529,1,0,,34.24156,-116.89025
AIR20608995,1,0,,34.27115,-116.85759
AIR20616515,0,0,,34.24093,-116.88948
AIR20623968,1,0,,34.24723,-116.89995
AIR20625865,0,0,,34.23626,-116.831
AIR20695812,1,0,,34.25316,-116.90376
AIR20696692,1,0,,34.23619,-116.86198
AIR20829623,1,0,,34.2488,-116.8658
AIR20836494,1,0,,34.24116,-116.93634
AIR20844432,1,0,,34.24441,-116.93064
AIR20875230,0,0,,34.27011,-116.8662
AIR20993345,0,0,,34.26247,-116.86069
AIR20996593,1,0,,34.23622,-116.85097
AIR21024122,0,0,,34.25007,-116.9362
AIR21079905,0,0,,34.24226,-116.95019
AIR21082012,1,0,,34.24143,-116.89268
AIR21149200,1,0,,34.237282,-116.918037
AIR21149203,1,0,,34.227451,-116.857521
AIR21149204,1,0,,34.23061,-116.848618
AIR21149210,1,0,,34.24501,-116.900597
AIR21149217,1,0,,34.249077,-116.936592
AIR21149221,1,0,,34.239388,-116.886856
AIR21149222,1,0,,34.265675,-116.850639
AIR21149223,1,0,,34.231472,-116.843102
AIR21149224,1,0,,34.245831,-116.900269
AIR21154906,0,0,,34.24515,-116.86818
AIR21266440,1,1,,34.12365341,-116.884628
AIR21289349,1,0,,34.231003,-116.843414
AIR21354543,0,0,,34.2404,-116.90654
AIR21359235,1,0,,34.22917,-116.84756
AIR21367725,1,0,,34.23957,-116.85769
AIR21368567,1,0,,34.24536,-116.87034
AIR21384024,0,0,,34.24597,-116.86789
AIR21438826,1,0,,34.24267,-116.85766
AIR21440198,0,0,,34.25002,-116.83039
AIR21451498,1,0,,34.2336,-116.91392
AIR21473739,1,0,,34.23448,-116.85091
AIR21476331,1,0,,34.23827,-116.84574
AIR21500024,0,0,,34.23457,-116.85958
AIR21500446,0,0,,34.19352,-116.41383
AIR21527691,1,0,,34.22964,-116.84772
AIR21541299,0,0,,34.25678,-116.82116
AIR21582359,0,0,,34.23655,-116.85079
AIR21594054,1,0,,34.24083,-116.94254
AIR21610728,0,0,,34.24371,-116.868
AIR21611305,1,0,,34.9345,-116.3915
AIR21623109,1,0,,34.24137,-116.92266
AIR21663239,1,1,,34.12541,-116.33199
AIR21681203,1,0,,34.230186,-116.85862
AIR21701935,0,0,,34.19366,-116.42854
AIR21711487,0,0,,34.24354,-116.80576
AIR21717242,0,0,,34.2591,-116.84956
AIR21749401,1,0,,34.24767,-116.87379
AIR21753106,1,0,,34.24114,-116.89518
AIR21768145,1,0,,34.231377,-116.84787
AIR21768475,0,0,,34.23821,-116.91417
AIR21770116,1,0,,34.25895,-116.32012
AIR21802861,0,0,,34.23447,-116.85531
AIR21830441,1,0,,34.9924,-116.30183
AIR21838159,1,0,,34.240627,-116.959366
AIR21838354,0,0,,34.23774,-116.84774
AIR21847421,1,0,,34.24143,-116.88901
AIR21848033,0,0,,34.24376,-116.88198
AIR21848231,1,0,,34.23943,-116.85797
AIR21850098,0,0,,34.23821,-116.89811
AIR21850181,1,0,,34.26507,-116.83152
AIR21850216,1,0,,34.23654,-116.85278
AIR21852068,0,0,,34.24388,-116.89525
AIR21852145,1,0,,34.23068,-116.84178
AIR21852181,0,0,,34.25033,-116.88047
AIR21852321,1,0,,34.24915,-116.87691
AIR21924286,0,0,,34.24707,-116.8988
AIR21927129,1,1,,34.12025,-116.33004
AIR21927647,0,0,,34.27108,-116.86276
AIR21934237,0,0,,34.9681,-116.38701
AIR21937014,1,0,,34.23255,-116.85729
AIR21937066,1,0,,34.24772,-116.89646
AIR21937833,0,0,,34.11205,-116.32832
AIR22013713,1,0,,34.24188,-116.87071
AIR22028034,1,0,,34.18935,-116.33069
AIR22119257,1,0,,34.2376,-116.88805
AIR22236930,1,1,,34.12363,-116.27519
AIR22283623,1,1,,34.9047,-116.29326
AIR22294413,1,0,,34.24142,-116.88852
AIR22296723,1,0,,34.23682,-116.91273
AIR22345879,0,0,,34.24287,-116.93129
AIR22409644,1,0,,34.24074,-116.87263
AIR22420197,1,0,,34.14726,-116.37217
AIR22443488,1,0,,34.12789,-116.26627
AIR22452364,1,0,,34.24648,-116.92851
AIR22657246,0,0,,34.24070358,-116.8863602
AIR22770748,1,0,,34.235184,-116.849365
AIR22850694,0,0,,34.25089,-116.86638
AIR22886448,0,0,,34.23184,-116.85457
AIR22889273,0,0,,34.2443,-116.87464
AIR22890321,1,1,,34.11147,-116.30378
AIR22940120,1,0,,34.12061,-116.31357
AIR23020352,1,0,,34.24408,-116.87751
AIR23036720,0,0,,34.24605,-116.90343
AIR2305425,0,1,El Dorado Drive,34.9793,-116.44719
AIR23094837,1,0,,34.25946,-116.82312
AIR23150637,1,1,,34.9897,-116.28695
AIR23203257,0,0,,34.25977,-116.83701
AIR23258225,1,1,,34.9107,-116.30239
AIR23292587,1,0,,34.11284,-116.4063
AIR23386508,0,0,,34.23135,-116.85686
AIR2343684,1,0,Sand Canyon Court,34.23433,-116.8529
AIR23438325,1,1,,34.24742,-116.23678
AIR23469171,0,0,,34.23893,-116.94617
AIR23503416,1,0,,34.24682236,-116.8987427
AIR23543580,1,0,,34.9873,-116.30344
AIR23547295,1,0,,34.23971,-116.85991
AIR23630559,0,0,,34.22974,-116.85952
AIR23668704,1,1,,34.15109,-116.4322
AIR23702546,0,0,,34.25069,-116.87227
AIR23715521,0,0,,34.23003,-116.84389
AIR23768171,0,0,,34.24476,-116.93217
AIR23784019,1,0,,34.25946,-116.85936
AIR23793421,0,0,,34.12007,-116.34581
AIR23862135,0,0,,34.24136,-116.90559
AIR23899141,1,0,,34.13768,-116.41002
AIR23942538,0,0,,34.26185,-116.83582
AIR24013535,0,0,,34.15116,-116.37408
AIR24038529,1,0,,34.20889,-116.38221
AIR24045096,0,0,,34.14159,-116.31331
AIR24178318,1,0,,34.24281,-116.85732
AIR24182317,1,1,,34.15842,-116.30707
AIR24206667,1,0,,34.24235,-116.8247
AIR24221022,0,0,,34.14294,-116.31496
AIR24232505,0,0,,34.23611,-116.88716
AIR24255105,0,0,,34.13908,-116.41505
AIR24287359,0,1,,34.11478,-116.40227
AIR2430228,1,0,Scandia Road,34.24647,-116.87759
AIR24309766,0,0,,34.17267,-116.35218
AIR24315472,1,0,,34.22726,-116.85398
AIR2431950,1,0,Mountain Sky Drive,34.23815,-116.88636
AIR24555258,0,0,,34.22741,-116.86463
AIR24637419,0,0,,34.17267,-116.32046
AIR24655415,1,0,,34.26051,-116.84338
AIR24660161,1,0,,34.24097,-116.88956
AIR24700767,1,0,,34.14924,-116.42077
AIR2477352,0,0,Ridgecrest Drive,34.22971,-116.85229
AIR24800579,0,0,,34.25194,-116.42193
AIR24831057,1,0,,34.10458,-116.44395
AIR2483588,0,0,Thrush Drive,34.23908,-116.89288
AIR24857702,0,0,,34.2388,-116.89984
AIR24938059,0,0,,34.13464,-116.41012
AIR24988387,1,0,,34.23518,-116.84684
AIR24989883,1,0,,34.239388,-116.887085
AIR25012960,1,1,,34.20069,-116.50202
AIR25026507,0,0,,34.240307,-116.92849
AIR2510074,0,0,Robinhood Boulevard,34.25983,-116.86403
AIR25130869,0,0,,34.24155,-116.89385
AIR25172825,1,0,,34.25769,-116.85533
AIR25201967,0,0,,34.11324,-116.31863
AIR2525902,1,0,Club View Drive,34.22664,-116.86658
AIR25263812,0,0,,34.24451,-116.80163
AIR25356728,1,0,,34.26426,-116.87517
AIR25378892,1,0,,34.24603,-116.86807
AIR25499481,1,0,,34.2389,-116.87469
AIR25732632,0,0,,34.151588,-116.300522
AIR25779086,0,0,,34.24113,-116.92526
AIR25786600,1,0,,34.22662,-116.85465
AIR25893671,0,0,,34.23612,-116.83574
AIR25981294,1,1,,34.24156,-116.91475
AIR26170882,0,0,,34.11842,-116.38807
AIR26261918,1,0,,34.11629,-116.3277
AIR26279903,0,0,,34.26074,-116.82519
AIR26327847,1,0,,34.22865,-116.8426
AIR26331936,1,1,,34.12359,-116.27533
AIR26339365,1,0,,34.13282,-116.28012
AIR263614,0,0,Myrtle Avenue,34.26848,-116.84745
AIR26361848,1,0,,34.23889,-116.89632
AIR26441505,1,0,,34.24806,-116.89611
AIR26568598,0,0,,34.24512,-116.8796
AIR26636567,1,1,,34.24814,-116.45605
AIR26657947,1,1,,34.24905,-116.45604
AIR26668356,0,0,,34.24445,-116.87472
AIR26668975,1,0,,34.24592,-116.89687
AIR26869243,0,0,,34.23904,-116.88894
AIR27042685,0,0,,34.2372,-116.89848
AIR27054872,1,0,,34.12335,-116.33206
AIR27159211,0,0,,34.24791,-116.92906
AIR27208638,1,1,,34.23417,-116.84968
AIR2740053,0,0,,34.23219,-116.86414
AIR27431980,0,0,,34.24374,-116.87805
AIR27503814,1,0,,34.22857,-116.86408
AIR27530624,0,1,,34.18171,-116.35216
AIR27531781,1,0,,34.9292,-116.31408
AIR27557510,1,0,,34.26543,-116.83354
AIR2760821,1,0,Switzerland Place,34.23813,-116.88946
AIR27634479,1,1,,34.9271,-116.31611
AIR2770668,1,0,Wolf Road,34.23387,-116.85104
AIR27730468,0,0,,34.12665,-116.32017
AIR27734166,0,0,,34.25077,-116.86519
AIR27760550,1,0,,34.24717,-116.89027
AIR27784773,1,0,,34.19624,-116.38497
AIR27853688,0,0,,34.25832,-116.83494
AIR27900881,1,0,,34.25173,-116.90414
AIR28033224,1,0,,34.12808,-116.32047
AIR28105279,1,0,,34.25544,-116.87673
AIR28134475,1,0,,34.23937,-116.88516
AIR28181787,0,0,,34.2353,-116.84773
AIR28182527,0,0,,34.24098,-116.86264
AIR28223108,0,0,,34.1237,-116.32261
AIR28285055,0,0,,34.22732,-116.86458
AIR28285304,1,0,,34.25802,-116.85432
AIR28318890,1,0,,34.23574,-116.87278
AIR28335260,1,1,,34.8207,-116.39053
AIR28341216,0,0,,34.24047,-116.85558
AIR2835654,0,0,Rockspray Court,34.22518,-116.85393
AIR28358740,1,1,,34.18455,-116.31135
AIR2838924,1,1,Park Boulevard,34.13101,-116.31674
AIR28435957,0,0,,34.24841,-116.93409
AIR28514669,1,1,,34.1046,-116.31448
AIR28520431,0,0,,34.242,-116.90754
AIR28568770,0,0,,34.15418,-116.37308
AIR28607882,0,0,,34.23927,-116.8735
AIR28638591,1,0,,34.12869,-116.31263
AIR28693145,1,1,,34.12472,-116.32883
AIR28718198,0,0,,34.24853,-116.8992
AIR28767933,1,0,,34.2469,-116.92754
AIR28834224,0,0,,34.23598,-116.93424
AIR28862662,1,0,,34.2251,-116.84967
AIR28890070,0,1,,34.15123,-116.30201
AIR28960257,0,0,,34.24271,-116.92738
AIR28962995,1,0,,34.25103,-116.86622
AIR29055533,1,0,,34.24512,-116.87505
AIR29106956,1,0,,34.24742,-116.87722
AIR29149253,1,0,,34.14181,-116.31839
AIR29152596,0,0,,34.23999,-116.89053
AIR29181453,0,0,,34.25888,-116.86592
AIR29259889,0,0,,34.24468,-116.95436
AIR29278041,1,0,,34.23807,-116.9595
AIR2934685,1,0,Balsam Drive,34.2294,-116.86546
AIR29416492,1,1,,34.2025,-116.3001
AIR29416913,0,0,,34.24437,-116.94197
AIR29483862,1,0,,34.24503,-116.90152
AIR29489715,1,0,,34.22839,-116.86394
AIR29494983,0,0,,34.22503,-116.85471
AIR2950663,0,0,Summit Boulevard,34.24124,-116.88923
AIR29521386,1,0,,34.24505,-116.95682
AIR29521399,0,0,,34.24979,-116.9007
AIR29539946,1,0,,34.23981,-116.92555
AIR29543123,0,0,,34.24348,-116.9254
AIR29549556,0,0,,34.24916458,-116.9393158
AIR29587863,1,0,,34.9293,-116.29745
AIR29589383,1,1,,34.21989,-116.24429
AIR29626350,1,0,,34.24563,-116.94227
AIR29679031,0,0,,34.15723,-116.43803
AIR29708560,1,0,,34.22556,-116.85672
AIR29756280,1,0,,34.24172,-116.87315
AIR29802006,0,0,,34.24027,-116.90554
AIR29830749,0,0,,34.24643,-116.86688
AIR29851372,1,0,,34.24539,-116.94411
AIR29897877,0,0,,34.26615,-116.78976
AIR30015793,1,0,,34.23066,-116.84921
AIR30019598,1,0,,34.24013,-116.89573
AIR30131073,0,0,,34.23535,-116.85819
AIR30145508,1,0,,34.23776,-116.9181
AIR30145518,0,0,,34.23477,-116.86703
AIR30145525,1,0,,34.24038,-116.8851
AIR30145531,1,0,,34.24939,-116.89567
AIR30145533,0,0,,34.24692,-116.89003
AIR30145544,0,0,,34.24847,-116.92643
AIR30145546,1,0,,34.2425,-116.8886
AIR30145547,0,0,,34.25688,-116.86406
AIR30145556,0,0,,34.23906,-116.88242
AIR30145601,0,0,,34.24134,-116.86257
AIR30145602,1,0,,34.24213,-116.86807
AIR30145604,0,0,,34.23713,-116.8903
AIR30201417,1,1,,34.13191,-116.31016
AIR30319100,1,0,,34.23877,-116.9593
AIR30343969,0,0,,34.24822,-116.9354
AIR30349317,0,0,,34.21215,-116.27273
AIR30354843,0,0,,34.23529,-116.88574
AIR30407007,0,0,,34.23888,-116.86982
AIR30448871,1,0,,34.24011,-116.92272
AIR30512235,0,1,,34.15687,-116.30535
AIR30514475,0,0,,34.22959,-116.85821
AIR30530093,1,0,,34.23759,-116.88527
AIR30537601,1,0,,34.24723,-116.92518
AIR30675134,1,1,,34.12767,-116.25747
AIR30677742,1,0,,34.25509,-116.85965
AIR30679333,0,0,,34.22426,-116.85056
AIR30679493,1,0,,34.25662,-116.87791
AIR30692949,1,0,,34.23999,-116.86104
AIR30717873,1,0,,34.23966,-116.88561
AIR30744844,1,1,,34.22386,-116.22133
AIR30763903,1,0,,34.24774,-116.87654
AIR30792412,1,0,,34.2329,-116.86536
AIR30881441,1,0,,34.17079,-116.36136
AIR30886430,0,0,,34.24747,-116.86738
AIR30936332,0,1,,34.13145,-116.2277
AIR30962543,0,0,,34.26835,-116.85168
AIR30998195,0,0,,34.24252,-116.887
AIR31056450,1,0,,34.16195,-116.31459
AIR31058298,0,0,,34.13341,-116.30844
AIR31084278,0,0,,34.23569,-116.85455
AIR31121936,0,0,,34.23346,-116.86538
AIR31175820,0,0,,34.12083,-116.33665
AIR31191498,1,1,,34.14625,-116.37464
AIR31193851,1,0,,34.22898,-116.83953
AIR31194867,1,0,,34.23273,-116.85527
AIR31202518,0,0,,34.26027,-116.83202
AIR31202634,1,1,,34.9456,-116.28251
AIR31240072,1,0,,34.26271,-116.84265
AIR31255460,1,0,,34.12911,-116.32197
AIR31262574,0,0,,34.23971,-116.88956
AIR31263152,1,0,,34.24886,-116.87177
AIR31296794,0,0,,34.2376,-116.89041
AIR313045,1,0,Tanager Drive,34.24679,-116.89187
AIR31337308,0,0,,34.12272,-116.31668
AIR31341498,1,0,,34.24104,-116.87731
AIR31467374,1,0,,34.23747,-116.84782
AIR31495623,1,1,,34.15491,-116.43771
AIR31546598,1,0,,34.26032,-116.85729
AIR3158415,1,0,La Crescenta Drive,34.23614,-116.84977
AIR31595540,0,0,,34.2304,-116.86456
AIR31642557,0,0,,34.1633,-116.38079
AIR31716068,1,0,,34.24122,-116.87973
AIR31721957,0,0,,34.24323,-116.95002
AIR31763631,0,0,,34.24722,-116.88832
AIR31884589,1,1,,34.15172,-116.43345
AIR31933988,0,1,,34.11843,-116.34332
AIR32017620,0,0,,34.24163,-116.87679
AIR3210000,0,0,,34.24182,-116.92507
AIR32139270,0,0,,34.24613,-116.83046
AIR32171572,0,0,,34.23859,-116.88879
AIR32185269,1,0,,34.24416,-116.85819
AIR32357745,1,0,,34.24993,-116.86901
AIR32388975,1,0,,34.12436,-116.23179
AIR32439228,0,0,,34.12354,-116.3248
AIR32449440,0,0,,34.24015,-116.94262
AIR32550030,1,0,,34.23879,-116.88856
AIR32571750,1,0,,34.25544,-116.86943
AIR32628779,1,0,,34.11264,-116.33313
AIR32645410,1,0,,34.23579,-116.91364
AIR32670206,0,1,,34.23463,-116.92803
AIR32670648,0,1,,34.23632,-116.92837
AIR32699838,0,0,,34.26059,-116.84457
AIR3272187,1,0,Balsam Drive,34.22617,-116.86478
AIR32724453,0,0,,34.24268,-116.93012
AIR32725441,1,0,,34.13367,-116.31093
AIR32762447,1,0,,34.244854,-116.927361
AIR32769471,1,0,,34.23775,-116.91916
AIR32771094,1,0,,34.24342,-116.92336
AIR32772145,0,0,,34.9705,-116.28706
AIR32841072,1,0,,34.24479,-116.87312
AIR32844520,0,1,,34.11524,-116.4802
AIR32912934,1,1,,34.12137,-116.31162
AIR32943268,1,0,,34.25581,-116.87642
AIR33095563,0,0,,34.26131,-116.86533
AIR33100094,1,0,,34.25459,-116.86073
AIR33218597,0,0,,34.23612,-116.87417
AIR33279054,0,0,,34.13273,-116.30917
AIR33424543,1,0,,34.24154,-116.86286
AIR33472322,1,0,,34.11826,-116.34722
AIR33529742,1,0,,34.23081207,-116.8451767
AIR33640083,0,0,,34.23845,-116.88632
AIR33678212,0,0,,34.23763,-116.85136
AIR3374385,1,0,Lucerne Drive,34.24167,-116.86568
AIR33779338,1,0,,34.10712,-116.33004
AIR33804714,0,0,,34.2454,-116.87982
AIR33804716,0,1,,34.2395,-116.94033
AIR33852584,1,0,,34.22609,-116.85448
AIR33914758,1,0,,34.2483,-116.93514
AIR33932738,1,0,,34.24301,-116.86078
AIR33972989,1,0,,34.13172,-116.31993
AIR34091101,1,1,,34.12488,-116.31934
AIR34206244,1,0,,34.24648,-116.93002
AIR34228566,1,0,,34.24223,-116.88545
AIR34229576,0,0,,34.24891,-116.8983
AIR34263332,0,0,,34.14046,-116.31672
AIR34263928,0,0,,34.24539,-116.92322
AIR34340575,1,0,,34.2387,-116.88559
AIR34546532,0,0,,34.24053,-116.92288
AIR34548122,1,0,,34.27651,-116.84356
AIR34675732,0,0,,34.23674774,-116.8873215
AIR34784703,0,0,,34.23086,-116.86148
AIR34811266,0,0,,34.23377,-116.84466
AIR34906870,1,0,,34.245258,-116.923286
AIR34914796,0,0,,34.11354,-116.31424
AIR34938980,0,0,,34.23343,-116.85214
AIR34943505,0,0,,34.27097,-116.86121
AIR35032874,1,0,,34.22584,-116.84851
AIR35092841,0,0,,34.25596,-116.86142
AIR3511262,0,0,West Fairway Boulevard,34.26352,-116.85978
AIR35137044,0,0,,34.24288,-116.78975
AIR35161526,1,0,,34.24971,-116.90225
AIR35238736,0,0,,34.25637,-116.86604
AIR35291294,0,0,,34.23739,-116.83382
AIR35380879,1,0,,34.24359,-116.87701
AIR35577610,1,0,,34.11236,-116.31649
AIR35676751,1,0,,34.24175,-116.87067
AIR35802813,0,0,,34.2695,-116.86443
AIR3582281,1,0,Roberts Road,34.15194,-116.40787
AIR35831339,0,0,,34.13357,-116.31829
AIR35840139,1,0,,34.2468,-116.9315
AIR35840737,0,0,,34.24352,-116.93068
AIR35878996,0,0,,34.23949,-116.90735
AIR35904573,1,0,,34.15516,-116.38301
AIR35907704,0,0,,34.24417496,-116.9494858
AIR35918724,1,0,,34.23399,-116.85056
AIR35950977,1,0,,34.24557,-116.92643
AIR35976750,1,0,,34.23577,-116.84887
AIR36064932,0,0,,34.26093,-116.79208
AIR36104526,0,0,,34.24081,-116.86392
AIR36171175,0,0,,34.24288,-116.9087
AIR36278459,1,0,,34.23044968,-116.8420944
AIR36317156,0,0,,34.23963,-116.88889
AIR36325337,1,0,,34.24578,-116.8689
AIR36417265,1,1,,34.11593,-116.33656
AIR36424965,1,0,,34.12994,-116.22907
AIR36478636,0,0,,34.13581,-116.40715
AIR36556643,0,1,,34.10632,-116.41579
AIR36664590,1,0,,34.25554,-116.87427
AIR36667537,1,0,,34.23801,-116.92886
AIR36672494,1,1,,34.24635,-116.44567
AIR36728126,0,0,,34.12533,-116.31826
AIR36768811,0,0,,34.25868,-116.83446
AIR36842977,0,0,,34.23635,-116.8869
AIR37009794,0,0,,34.26391,-116.83467
AIR37018321,1,0,,34.2432,-116.86784
AIR37053575,0,0,,34.24139,-116.82979
AIR37055682,0,0,,34.24026,-116.90034
AIR37090043,0,0,,34.25836,-116.84556
AIR37090582,0,0,,34.25792,-116.83455
AIR37126694,1,0,,34.24535,-116.895348
AIR37254760,1,0,,34.12516,-116.33184
AIR37260457,0,0,,34.16519,-116.35793
AIR37260994,0,0,,34.25855,-116.86137
AIR3731435,1,0,Cherry Lane,34.23441,-116.91379
AIR37392920,1,0,,34.24878,-116.8696
AIR37423484,1,0,,34.24759,-116.92848
AIR37465188,1,0,,34.24165,-116.92404
AIR37538312,1,0,,34.10394,-116.46127
AIR3760220,0,0,,34.12643,-116.32338
AIR37622456,0,0,,34.12141,-116.32457
AIR37632027,1,0,,34.24858,-116.93164
AIR37680831,0,0,,34.25931,-116.84805
AIR37717545,0,0,,34.25053,-116.92913
AIR37754548,1,1,,34.20577621,-116.3516846
AIR37828136,0,0,,34.2405,-116.89175
AIR37835798,1,0,,34.24248,-116.86788
AIR37836448,1,0,,34.24706,-116.92897
AIR37885770,0,0,,34.2414,-116.86955
AIR37896577,0,0,,34.23776,-116.88797
AIR37943206,1,0,,34.23749,-116.90203
AIR37947960,0,0,,34.12906,-116.31978
AIR37973935,1,0,,34.12588,-116.35089
AIR38063155,1,0,,34.25949,-116.86011
AIR38070781,0,0,,34.2430191,-116.9251099
AIR3808430,1,1,,34.14915,-116.227
AIR38157379,1,1,,34.14244,-116.42107
AIR38186160,0,0,,34.2421,-116.89186
AIR38213580,0,0,,34.2473,-116.93432
AIR38262593,1,0,,34.24402,-116.90118
AIR38390330,0,1,,34.13084,-116.32113
AIR38390992,0,0,,34.23567,-116.88706
AIR38408944,0,0,,34.2418,-116.8616
AIR38428847,0,0,,34.24162,-116.83123
AIR38434886,1,0,,34.23742,-116.84693
AIR38484924,1,0,,34.23772,-116.94714
AIR38552415,0,0,,34.26856,-116.84433
AIR38618797,1,1,,34.20381,-116.28708
AIR38679109,1,1,,34.24106,-116.91584
AIR38901143,0,0,,34.24979,-116.8777
AIR38929178,1,1,,34.10403,-116.32407
AIR38931617,1,0,,34.24139,-116.93721
AIR39002967,0,0,,34.26058,-116.83941
AIR39031497,1,0,,34.24525,-116.87624
AIR39088524,0,0,,34.14345,-116.31247
AIR39111232,0,0,,34.2396,-116.86313
AIR39127477,0,0,,34.1276,-116.38899
AIR39130848,0,0,,34.23588562,-116.913002
AIR39200707,1,1,,34.18292,-116.40987
AIR39224739,1,0,,34.11124,-116.34866
AIR39272949,1,0,,34.15433,-116.506
AIR39276152,1,0,,34.24153,-116.9605
AIR39281901,1,0,,34.25931,-116.84692
AIR39339005,1,0,,34.23537,-116.89777
AIR39393084,1,0,,34.2376,-116.84879
AIR39396751,1,1,,34.24111,-116.91458
AIR39508963,0,0,,34.26388,-116.87711
AIR39525645,0,0,,34.11365,-116.31847
AIR39559919,1,0,,34.22793,-116.84122
AIR39580697,0,0,,34.26269,-116.82144
AIR39582163,1,1,,34.10225,-116.32212
AIR39607271,1,0,,34.2504,-116.86863
AIR39698164,1,0,,34.10572,-116.30743
AIR39699192,0,0,,34.24501,-116.81962
AIR39699444,1,0,,34.24683,-116.92488
AIR39703856,1,0,,34.23882,-116.8607
AIR39720392,1,0,,34.973,-116.37094
AIR39723128,1,0,,34.2442,-116.92613
AIR39747073,1,0,,34.23244,-116.85969
AIR39776275,1,0,,34.12772,-116.32183
AIR39795581,1,0,,34.24074,-116.86703
AIR39796476,0,0,,34.25161,-116.86747
AIR39796936,1,0,,34.24396,-116.87297
AIR39816684,0,0,,34.2408,-116.8913
AIR39846957,1,1,,34.24101,-116.9417
AIR39861872,1,1,,34.12241,-116.3481
AIR39896415,0,1,,34.24041,-116.93973
AIR39921445,0,0,,34.24681,-116.89507
AIR39987933,1,0,,34.24174,-116.86333
AIR40063041,1,0,,34.11721,-116.32366
AIR4006508,1,0,Mountain Sky Drive,34.23756,-116.886459
AIR4008052,1,0,Tayles Point Road,34.24087,-116.95099
AIR40116349,1,0,,34.24003,-116.86419
AIR40134242,0,0,,34.24601,-116.92524
AIR40134245,1,0,,34.2445,-116.9197
AIR40205778,0,0,,34.23974,-116.90478
AIR40209179,1,0,,34.24358,-116.92114
AIR40240095,0,0,,34.26763,-116.85796
AIR40241531,1,0,,34.23997,-116.85675
AIR4026018,1,0,Granada Drive,34.12652,-116.32126
AIR40260366,0,0,,34.25532,-116.86589
AIR40287280,1,0,,34.24543762,-116.839386
AIR40309286,1,0,,34.24284,-116.8837
AIR40375284,1,0,,34.24391,-116.92323
AIR40379955,0,0,,34.23818,-116.85758
AIR40491565,0,0,,34.24859,-116.93674
AIR40591599,0,0,,34.23491,-116.85078
AIR40593329,1,0,,34.23983,-116.8955
AIR40618460,0,0,,34.23779,-116.85167
AIR40634138,1,0,,34.263569,-116.875366
AIR40639926,1,1,,34.14383,-116.41286
AIR40703861,1,1,,34.13003,-116.31367
AIR40705272,0,0,,34.23274,-116.84355
AIR40706007,0,0,,34.237476,-116.863159
AIR40716764,0,0,,34.24233,-116.88503
AIR40783673,1,1,,34.16621,-116.25871
AIR40809583,0,0,,34.23516,-116.852
AIR4119166,1,0,Waterview Drive,34.24372,-116.95682
AIR4350998,1,0,Tamarack Drive,34.23939,-116.88671
AIR4384488,1,0,Talmadge Road,34.24215,-116.92308
AIR4427739,1,1,Saint Anton Court,34.24133,-116.89015
AIR4430533,1,0,Willow Avenue,34.23665,-116.8728
AIR4453608,0,0,Hillview Road,34.10778,-116.31951
AIR4582783,1,0,Butte Avenue,34.24006,-116.85735
AIR4645690,0,0,Sunny Sands Drive,34.20016,-116.28444
AIR4693222,0,0,Switzerland Drive,34.2364,-116.88613
AIR4816068,0,0,La Crescenta Drive,34.23627,-116.85258
AIR4824383,1,0,Menlo Drive,34.23573,-116.85985
AIR5104205,0,0,Alpine Way,34.24168,-116.86277
AIR5136088,0,0,Waterview Drive,34.2453,-116.95342
AIR5190667,0,0,Luna Road,34.2382,-116.85575
AIR523376,0,0,,34.24807,-116.86973
AIR5325653,1,0,Tinker Bell Avenue,34.26555,-116.85083
AIR5696718,1,0,Thrush Court,34.23587,-116.89328
AIR5969627,0,0,Lakewood Lane,34.24404,-116.92674
AIR6278973,1,0,Cove Drive,34.24089,-116.95866
AIR6279086,0,0,Villa Grove Avenue,34.24077,-116.8563
AIR6279113,1,0,Mockingbird Drive,34.24713,-116.89607
AIR6279125,0,0,Tanager Drive,34.24874,-116.89183
AIR6451877,1,0,Ironwood Drive,34.23641,-116.91725
AIR6481540,0,1,Hollinger Road,34.1243,-116.26421
AIR6564037,1,0,Menlo Drive,34.24045,-116.86127
AIR6656446,1,0,Comstock Lane,34.24186,-116.89619
AIR666691,1,0,Lintner Road,34.240726,-116.934792
AIR6673353,1,0,Comstock Lane,34.24043,-116.89438
AIR6675761,1,0,Sun Crest Court,34.23512,-116.84894
AIR6690593,1,0,North Eureka Drive,34.25218,-116.90172
AIR6691376,1,0,Saint Moritz Drive,34.23904,-116.89043
AIR6704191,1,0,Conklin Road,34.2366,-116.89922
AIR6729193,1,0,Lake Drive,34.2466,-116.93626
AIR676164,1,0,Base Line Road,34.12211,-116.25754
AIR6817370,0,0,Vía Rocosa,34.10027,-116.30751
AIR6820440,0,0,Big Bear Boulevard,34.24231,-116.91669
AIR6822873,0,0,Edgemoor Road,34.23866,-116.92993
AIR7025746,0,0,Golden West Place,34.2386,-116.88959
AIR7072350,1,0,Crystal Lake Road,34.24269,-116.87558
AIR7072455,1,0,Evergreen Drive,34.23997,-116.88645
AIR7085152,0,0,Crystal Lake Road,34.24969,-116.87428
AIR7088097,1,0,Monterey Street,34.24019,-116.86213
AIR7088244,0,0,Villa Grove Avenue,34.24144,-116.86047
AIR7088715,1,0,Thrush Court,34.23717,-116.89213
AIR7106153,0,0,Villa Grove Avenue,34.24364,-116.8595
AIR7106885,1,0,Ridgecrest Drive,34.23414,-116.85584
AIR7107497,1,0,Comstock Lane,34.24149,-116.89418
AIR7107717,1,0,Cardinal Drive,34.24959,-116.89352
AIR7108197,0,0,Yosemite Drive,34.23009,-116.84399
AIR7108469,1,0,Pinewood Drive,34.25224,-116.86638
AIR7110624,1,0,Pigeon Road,34.23004,-116.86354
AIR7110802,1,1,La Collina,34.8794,-116.29278
AIR7110933,1,0,Cinderella Drive,34.27093,-116.85141
AIR7111423,0,0,Sheephorn Road,34.23702,-116.85924
AIR7111950,1,0,Deer Canyon Road,34.23249,-116.85477
AIR7112225,1,0,Saint Moritz Drive,34.23933,-116.891
AIR7112523,1,0,Cougar Road,34.24196,-116.86914
AIR7112575,1,0,Balsam Drive,34.22991,-116.86374
AIR7113291,1,0,Haupstrasse Drive,34.24498,-116.87058
AIR7113367,1,0,Bow Canyon Road,34.22531,-116.85083
AIR71684,0,0,Rocky Point Drive,34.281,-116.79607
AIR7222037,1,0,San Bernardino Avenue,34.23771,-116.83359
AIR7346841,0,0,,34.22482,-116.40842
AIR7397366,1,0,,34.11381,-116.43133
AIR7437584,0,0,Sheephorn Road,34.23635,-116.85361
AIR7452014,1,1,Oasis Drive,34.2063,-116.28731
AIR7494623,1,0,Edgemoor Road,34.23883,-116.92985
AIR7633842,0,0,Brownie Lane,34.24316,-116.89011
AIR7633998,0,0,Brownie Lane,34.24324,-116.88948
AIR7663261,1,0,Alpenweg Drive,34.24506,-116.86847
AIR7745543,1,0,Oriole Drive,34.2368,-116.89859
AIR7748388,0,0,3rd Street,34.29221,-116.81032
AIR7774724,1,0,Club View Drive,34.22686,-116.86228
AIR7884919,0,0,Granada Drive,34.12584,-116.31835
AIR8070456,0,1,Neva Road,34.9243,-116.31215
AIR808533,1,0,Vía Rocosa,34.9258,-116.30611
AIR8087145,0,0,Lagunita Lane,34.25032,-116.93188
AIR8090935,0,0,Georgia Street,34.23993,-116.90115
AIR8102059,0,0,Grizzly Court,34.23773,-116.8618
AIR8107048,1,0,Lakeview Drive,34.24222,-116.92066
AIR8116725,0,0,Olympic Drive,34.24626,-116.87739
AIR8151970,0,0,West Sherwood Boulevard,34.26055,-116.86178
AIR8189914,0,0,Moonridge Road,34.23608,-116.85992
AIR8320969,0,1,Thrush Drive,34.23557,-116.89053
AIR835126,0,0,West Country Club Boulevard,34.26148,-116.86525
AIR8356115,1,0,Mahogany Lane,34.24385,-116.78896
AIR8453390,1,0,Yosemite Drive,34.23195,-116.84709
AIR8487685,1,0,North Bay Drive,34.241455,-116.94516
AIR8487701,0,0,Sylvan Glen,34.23144,-116.86528
AIR8506725,1,0,Sheephorn Road,34.238979,-116.858887
AIR865917,1,1,Boulder View Drive,34.2078,-116.50128
AIR8680291,1,0,,34.14209,-116.39623
AIR8687782,0,0,Sequoia Drive,34.26641,-116.84563
AIR8688155,0,0,,34.9545,-116.30889
AIR8811512,1,1,Glen Road,34.24579,-116.92557
AIR8884708,1,0,Mcwhinney Lane,34.24202,-116.89326
AIR8968332,0,0,Mountainaire Lane,34.24435,-116.90265
AIR9030749,0,0,Switzerland Drive,34.23783,-116.88848
AIR9061128,0,0,Switzerland Drive,34.23772,-116.88583
AIR9063353,0,0,Switzerland Drive,34.23833,-116.88674
AIR9065030,0,0,Switzerland Drive,34.23838,-116.88682
AIR9134487,0,0,Alpenweg Drive,34.247,-116.86815
AIR9187251,1,0,Buffalo Court,34.22815,-116.85676
AIR9232049,0,1,Thrush Drive,34.23575,-116.89084
AIR9241882,0,0,Main Street,34.24091,-116.90637
AIR9301003,0,0,Villa Grove Avenue,34.23903,-116.85351
AIR9329579,0,0,North Eureka Drive,34.2532,-116.90335
AIR9364892,0,1,Thrush Drive,34.23694,-116.89029
AIR9367766,0,1,Thrush Drive,34.23757,-116.89111
AIR9368784,0,1,Thrush Drive,34.23759,-116.89049
AIR9431746,1,0,Primrose Drive,34.2286,-116.85309
AIR9490331,0,1,Thrush Drive,34.23725,-116.89107
AIR9510558,1,1,Thrush Drive,34.23611,-116.89056
AIR9730242,0,0,East Aeroplane Boulevard,34.25989,-116.8436
AIR9810523,0,1,Thrush Drive,34.23628,-116.8926
AIR9810675,0,1,Thrush Drive,34.23575,-116.89215
AIR9810727,1,1,Thrush Drive,34.23756,-116.89066
AIR9944263,1,0,Spruce Road,34.24145,-116.92104
AIR9960008,0,0,Waterview Drive,34.24622,-116.94617
AIR9976790,1,0,Starvation Flats Road,34.25097,-116.88049
AIR16331162,0,0,,34.23948,-116.87991
AIR16547960,1,1,,34.25095,-116.94139
AIR16871276,0,0,,34.24516,-116.87618
AIR18719578,1,0,,34.2675,-116.86089
AIR20154778,0,0,,34.25341,-116.88025
AIR2969219,1,0,San Anselmo Drive,34.23844,-116.82383
AIR31024084,1,0,,34.2355,-116.8483
AIR32875561,1,1,,34.23943,-116.85551
AIR33100526,0,0,,34.24263,-116.92486
AIR35516188,1,0,,34.8019,-116.37654
AIR40561189,0,0,,34.25264,-116.8808
AIR5884868,0,0,Capilla Drive,34.2422,-116.8618
AIR7111724,1,0,Saint Anton Court,34.27166,-116.85132
AIR12002926,0,0,,34.23979,-116.88697
AIR16871306,1,0,,34.2521,-116.87999
AIR17076148,0,0,,34.23996,-116.92826
AIR1905375,1,0,Santa Clara Boulevard,34.24654,-116.89829
AIR19810988,1,0,,34.12838,-116.31354
AIR19810995,0,0,,34.237736,-116.862297
AIR20217872,1,1,,34.11093,-116.3238
AIR20945215,1,0,,34.121407,-116.328949
AIR20945294,1,0,,34.22938,-116.84423
AIR20945321,1,0,,34.24372,-116.9171
AIR20945786,1,0,,34.23125,-116.86125
AIR20945802,1,0,,34.15362,-116.43614
AIR20946027,1,0,,34.26642,-116.86604
AIR23180537,1,0,,34.25887,-116.84183
AIR28050409,0,0,,34.22742,-116.85785
AIR28985176,1,0,,34.23966,-116.9024
AIR29413641,0,0,,34.12841,-116.31947
AIR29466509,0,0,,34.12236023,-116.2212906
AIR29596234,1,0,,34.24508,-116.93356
AIR29827880,1,0,,34.23817,-116.85878
AIR30145638,1,0,,34.14173,-116.18252
AIR30289921,1,1,,34.25165,-116.87831
AIR31264411,0,0,,34.22792,-116.8568
AIR31742467,1,1,,34.26984,-116.85901
AIR31746670,0,0,,34.23525,-116.84814
AIR34565774,0,0,,34.25041,-116.94128
AIR35682589,1,0,,34.24416,-116.92566
AIR37530899,0,0,,34.2415,-116.90719
AIR37687853,1,1,,34.24947,-116.90189
AIR39272762,0,0,,34.24626,-116.8953
AIR40291908,1,0,,34.24456,-116.89486
AIR40398144,0,0,,34.24083,-116.94922
AIR40398165,1,0,,34.23653,-116.86166
AIR6676107,0,0,Park Avenue,34.23737,-116.88843
AIR7107846,0,0,Summit Boulevard,34.23663,-116.86494
AIR8890260,0,0,,34.24365,-116.85827
AIR11128865,0,0,Catalina Road,34.25003,-116.8681
AIR12851595,0,0,Outpost Road,34.24092,-116.89069
AIR12950524,0,0,Hillview Road,34.23439,-116.8472
AIR20693383,1,0,,34.2472,-116.83108
AIR20945844,0,0,,34.22893,-116.84976
AIR21985866,1,0,,34.25856,-116.84709
AIR29757217,0,0,,34.24477,-116.89234
AIR34123218,0,0,,34.22993,-116.84758
AIR35791470,0,0,,34.23057,-116.83889
AIR38284898,1,0,,34.9755,-116.30666
AIR39797474,0,0,,34.2428,-116.92337
AIR5582051,1,0,,34.27016,-116.85849
AIR7110104,0,0,Finch Drive,34.22923,-116.85945
AIR9959855,1,0,Peregrine Avenue,34.23772,-116.89224
AIR12271204,1,0,Ponderosa Drive,34.23704,-116.86718
AIR14335226,0,0,Snowmass Lane,34.24391,-116.88486
AIR20184739,1,0,,34.23797,-116.84575
AIR20184763,1,0,,34.12908,-116.31856
AIR21622054,0,0,,34.24419,-116.92925
AIR22076957,1,0,,34.24442,-116.93283
AIR2323569,1,0,Nelson Avenue,34.23893,-116.89144
AIR23764230,1,0,,34.12604,-116.32487
AIR24521285,1,0,,34.24589,-116.94465
AIR37217480,1,0,,34.2368,-116.86184
AIR39951026,1,0,,34.11622,-116.35228
AIR40038755,1,0,,34.9347,-116.42317
AIR40396013,0,0,,34.23961,-116.90659
AIR40758845,1,0,,34.23452,-116.84998
AIR4332481,1,1,Outpost Road,34.24114,-116.90688
AIR5077433,1,0,,34.1846,-116.39616
AIR7109775,0,0,Starlight Circle,34.25341,-116.88133
AIR9996370,0,0,Eagle Mountain Drive,34.24049,-116.92624
AIR13574434,1,0,Villa Grove Avenue,34.23933,-116.94673
AIR15448878,0,0,Constellation Drive,34.237957,-116.886131
AIR15967110,0,1,Twentynine Palms Highway,34.12539,-116.3165
AIR21850061,0,0,,34.24001,-116.8874
AIR21999897,0,0,,34.2377,-116.88712
AIR22341292,1,0,,34.23617,-116.87004
AIR22341325,1,0,,34.16053,-116.30614
AIR23753377,0,0,,34.24028,-116.95008
AIR24114788,0,0,,34.23729,-116.85903
AIR24532989,0,0,,34.25371,-116.8732
AIR26083959,1,0,,34.23572,-116.8523
AIR29308753,1,1,,34.1294,-116.42907
AIR29853090,0,0,,34.26601,-116.83992
AIR29996932,1,0,,34.23774,-116.86115
AIR31315237,1,0,,34.2271,-116.86336
AIR31627509,0,0,,34.2435,-116.9442
AIR31715778,1,1,,34.24751,-116.89326
AIR33364491,0,0,,34.23573,-116.84557
AIR34121276,0,0,,34.23006,-116.85779
AIR35349792,1,0,,34.24049,-116.86402
AIR37057196,1,0,,34.22833,-116.8617
AIR38760265,0,0,,34.24058,-116.88416
AIR39531314,1,0,,34.23108,-116.84627
AIR40641951,1,0,,34.25266,-116.86658
AIR5268510,0,0,Alta Loma Drive,34.27033,-116.86165
AIR6119510,1,1,Paine Court,34.24912,-116.93689
AIR16442359,1,0,,34.24243,-116.89528
AIR16521866,0,0,,34.18483,-116.41717
AIR18471950,1,0,,34.23647,-116.80754
AIR18877499,1,0,,34.25739,-116.86471
AIR19923564,1,0,,34.22866,-116.84315
AIR21191489,1,0,,34.24157,-116.82843
AIR24234518,1,0,,34.25006,-116.86766
AIR26916313,1,0,,34.26311,-116.82711
AIR28306441,0,0,,34.24338,-116.86064
AIR30145586,0,0,,34.25853,-116.85766
AIR30145646,0,0,,34.24566,-116.90314
AIR3018731,0,0,Chipmunk Lane,34.23084,-116.85863
AIR31716073,0,0,,34.22893,-116.84176
AIR31743239,1,0,,34.236,-116.85902
AIR33493771,0,0,,34.2417,-116.88759
AIR33836189,1,0,,34.25264,-116.8808
AIR34777912,1,0,,34.23659,-116.85792
AIR39633265,1,0,,34.25589,-116.8633
AIR7106757,1,0,Teton Drive,34.26816,-116.85146
AIR7107277,1,0,Haupstrasse Drive,34.26537,-116.86433
AIR15939924,1,0,Sunset Drive,34.2387,-116.90242
AIR16194186,0,0,,34.23765,-116.88941
AIR17037028,1,0,,34.9581,-116.2879
AIR17037455,1,0,Windsong Place,34.23067,-116.84546
AIR18465483,1,0,Encino Road,34.24015,-116.88935
AIR20217494,1,0,,34.2407,-116.88908
AIR21685884,1,0,,34.25759,-116.84675
AIR21800945,1,0,,34.25133,-116.87433
AIR22367316,1,0,,34.24054,-116.87396
AIR22456838,1,0,,34.24644,-116.8754
AIR23082087,0,0,,34.23997,-116.88847
AIR24614962,0,0,,34.14736,-116.40437
AIR25882184,1,0,,34.25931,-116.83667
AIR27000756,0,0,,34.13917,-116.33239
AIR27220587,1,0,,34.237926,-116.892067
AIR28014552,0,0,,34.22792,-116.85021
AIR28536899,0,0,,34.23258,-116.8486
AIR29617626,1,0,,34.16515,-116.24286
AIR29772604,1,0,,34.23678,-116.85518
AIR29878870,1,0,,34.22824,-116.84982
AIR32542513,1,0,,34.26053,-116.85826
AIR32893138,1,0,,34.23574,-116.84941
AIR35120791,0,0,,34.22479,-116.84839
AIR36128333,1,0,,34.23901,-116.95915
AIR36712612,0,0,,34.23653,-116.94631
AIR36859401,0,0,,34.24311,-116.8578
AIR37268497,1,0,,34.23953,-116.8982
AIR38471502,1,0,,34.23555,-116.90362
AIR38684680,1,0,,34.2558,-116.87515
AIR39376455,1,0,,34.22756,-116.8635
AIR39631248,0,0,,34.2453,-116.91475
AIR39947612,1,0,,34.11712,-116.48589
AIR40374221,1,0,,34.26723,-116.85901
AIR4469748,0,0,Menlo Drive,34.12129,-116.39656
AIR7112372,1,0,Alameda Road,34.12368,-116.39474
AIR1304719,1,0,Sand Canyon Court,34.24474,-116.87627
AIR14124469,0,0,Olympic Drive,34.24699,-116.89731
AIR17791132,0,0,,34.23985,-116.86063
AIR18175790,0,0,,34.25069,-116.90088
AIR18477803,1,0,,34.24122,-116.94367
AIR19314313,0,0,,34.24427,-116.87622
AIR21477072,1,1,,34.25537,-116.86533
AIR22086844,1,0,,34.23474,-116.85354
AIR22296949,0,0,,34.23229,-116.85876
AIR24224322,0,0,,34.23966,-116.86695
AIR26503735,0,0,,34.23567,-116.85067
AIR28415322,1,0,,34.1133,-116.28571
AIR30089390,0,0,,34.23587,-116.85723
AIR33187162,0,0,,34.24244,-116.87596
AIR3720864,1,0,Knickerbocker Road,34.27061,-116.8433
AIR38611988,1,0,,34.26101,-116.836
AIR39585552,1,0,,34.24028,-116.86409
AIR40235971,0,0,,34.23743,-116.87161
AIR40635089,0,0,,34.24879,-116.89787
AIR40766311,1,0,,34.23997,-116.92725
AIR4936417,0,0,Sunset Road,34.23951,-116.85442
AIR6276211,1,0,Encino Road,34.22759,-116.85574
AIR7110012,1,0,Menlo Drive,34.24073,-116.89083
AIR11098028,1,1,Starvation Flats Road,34.20087,-116.39962
AIR11098161,1,1,Starvation Flats Road,34.11828,-116.33661
AIR12873603,1,0,Butte Avenue,34.24332,-116.86237
AIR17000486,1,0,,34.24478,-116.92505
AIR17531385,1,0,,34.23689,-116.86056
AIR18666697,0,0,,34.25814,-116.84999
AIR19191631,1,0,Switzerland Drive,34.2633,-116.8422
AIR19753234,1,0,Lagunita Lane,34.13244,-116.32174
AIR20945269,1,0,,34.23559,-116.86542
AIR21865712,0,0,,34.24986649,-116.9007111
AIR21966108,0,0,,34.23827,-116.92564
AIR22120261,1,0,,34.24091,-116.89006
AIR22195889,1,0,,34.27098,-116.85897
AIR22281606,0,0,,34.23583,-116.90066
AIR22324989,0,0,,34.13728,-116.35134
AIR22520571,1,0,,34.23677,-116.88618
AIR23257572,1,0,,34.25536,-116.87342
AIR23764335,0,0,,34.16756439,-116.3302155
AIR28807211,0,0,,34.25758,-116.81571
AIR29128015,1,0,,34.10349,-116.41843
AIR29413674,1,1,,34.23873,-116.89913
AIR29761217,1,1,,34.23922,-116.94652
AIR29855669,1,0,,34.10642,-116.45429
AIR29945557,0,0,,34.2459,-116.87623
AIR30356085,1,0,,34.248,-116.89939
AIR30356559,0,0,,34.24736,-116.80321
AIR30771188,0,0,,34.18451,-116.37916
AIR31084830,0,0,,34.11837,-116.32351
AIR32503597,0,0,,34.250198,-116.872108
AIR35609149,0,0,,34.2423,-116.89654
AIR37358633,0,0,,34.24542,-116.94388
AIR37862001,0,0,,34.243141,-116.943047
AIR38295475,0,1,,34.240467,-116.959465
AIR6676299,0,0,Sheephorn Road,34.257992,-116.851227
AIR7087923,1,0,Yosemite Drive,34.231216,-116.845612
AIR8918143,0,1,Big Bear Boulevard,34.243519,-116.924408
AIR8918146,0,1,Big Bear Boulevard,34.203,-116.42459
AIR8918156,0,1,,34.2449,-116.90451
AIR8918159,0,1,Big Bear Boulevard,34.24339676,-116.9233856
AIR9613401,1,1,Avenue Tortuga,34.23436,-116.85683
AIR9647171,1,0,Sheephorn Road,34.245552,-116.898773
AIR17248972,0,0,,34.262001,-116.813004
AIR19810981,0,0,,34.23329,-116.85152
AIR22270180,0,0,,34.24435,-116.86485
AIR25183981,0,0,,34.2412,-116.86121
AIR29876211,1,0,,34.23812,-116.92766
AIR30250707,0,0,,34.12868,-116.30823
AIR31025085,0,0,,34.2294,-116.84351
AIR32723652,0,0,,34.24156,-116.89025
AIR34346224,0,0,,34.27115,-116.85759
AIR34906851,1,0,,34.24093,-116.88948
AIR35290176,1,0,,34.24723,-116.89995
AIR38236148,0,0,,34.23626,-116.831
AIR39483691,1,1,,34.25316,-116.90376
AIR39779403,1,0,,34.23619,-116.86198
AIR40070333,0,0,,34.2488,-116.8658
AIR40310134,0,0,,34.24116,-116.93634
AIR40533812,0,0,,34.24441,-116.93064
AIR40681570,0,0,,34.27011,-116.8662
AIR4224656,0,0,,34.26247,-116.86069
AIR5019232,1,0,Simonds Drive,34.23622,-116.85097
AIR7633581,0,0,Bluebird Court,34.25007,-116.9362
AIR8214285,0,0,2nd Lane,34.24226,-116.95019
AIR9329648,0,0,,34.24143,-116.89268
AIR982328,0,0,Avalon Road,34.237282,-116.918037
AIR14124172,1,0,Vista Lane,34.227451,-116.857521
AIR14727970,1,0,,34.23061,-116.848618
AIR16871314,0,0,,34.24501,-116.900597
AIR20217242,1,0,,34.249077,-116.936592
AIR20773800,1,0,,34.239388,-116.886856
AIR20847409,0,0,,34.265675,-116.850639
AIR23323803,0,0,,34.231472,-116.843102
AIR25172848,1,0,,34.245831,-116.900269
AIR25328102,0,0,,34.24515,-116.86818
AIR30747283,0,0,,34.231003,-116.843414
AIR33518809,0,0,,34.2404,-116.90654
AIR34250381,1,0,,34.22917,-116.84756
AIR34315354,1,0,,34.24536,-116.87034
AIR39085344,0,0,,34.24597,-116.86789
AIR39222981,1,0,,34.24267,-116.85766
AIR39339963,1,0,,34.25002,-116.83039
AIR39448905,0,0,,34.2336,-116.91392
AIR40036407,0,0,,34.23448,-116.85091
AIR40203532,1,0,,34.23827,-116.84574
AIR16401808,1,1,,34.23457,-116.85958
AIR17402800,1,0,,34.19352,-116.41383
AIR17402804,1,0,,34.22964,-116.84772
AIR17402811,0,0,,34.25678,-116.82116
AIR17402813,1,0,,34.23655,-116.85079
AIR17402838,1,0,,34.24083,-116.94254
AIR17402846,1,0,,34.24371,-116.868
AIR17402876,0,0,,34.9345,-116.3915
AIR17402894,1,1,,34.24137,-116.92266
AIR17402916,1,0,,34.12541,-116.33199
AIR17402934,1,0,,34.230186,-116.85862
AIR17402959,0,0,,34.19366,-116.42854
AIR17402973,0,0,,34.24354,-116.80576
AIR17402981,0,0,,34.2591,-116.84956
AIR17403010,0,0,,34.24767,-116.87379
AIR17403024,0,0,,34.24114,-116.89518
AIR17403030,1,0,,34.231377,-116.84787
AIR17403043,0,0,,34.23821,-116.91417
AIR17403086,0,0,,34.25895,-116.32012
AIR17403092,1,0,,34.23447,-116.85531
AIR17403132,1,0,,34.9924,-116.30183
AIR17403144,1,0,,34.240627,-116.959366
AIR17403209,0,0,,34.23774,-116.84774
AIR17403215,1,0,,34.24143,-116.88901
AIR17882098,1,0,,34.24376,-116.88198
AIR18917697,1,0,Los Angeles Avenue,34.23943,-116.85797
AIR19069477,0,1,,34.23821,-116.89811
AIR19703040,0,0,,34.26507,-116.83152
AIR20916331,1,0,,34.23654,-116.85278
AIR21369371,1,0,,34.24388,-116.89525
AIR21883183,0,0,,34.23068,-116.84178
AIR23510478,1,0,,34.25033,-116.88047
AIR24892787,1,0,,34.24915,-116.87691
AIR25974417,0,0,,34.24707,-116.8988
AIR27703492,1,0,,34.12025,-116.33004
AIR29878865,1,0,,34.27108,-116.86276
AIR31861021,1,0,,34.9681,-116.38701
AIR33163424,1,0,,34.23255,-116.85729
AIR34906884,1,0,,34.24772,-116.89646
AIR35387103,1,0,,34.11205,-116.32832
AIR35866642,0,0,,34.24188,-116.87071
AIR36885524,0,0,,34.18935,-116.33069
AIR4054280,1,0,Lakewood Lane,34.2376,-116.88805
AIR9032345,1,0,Ponderosa Drive,34.12363,-116.27519
AIR9578059,1,0,Alameda Road,34.9047,-116.29326
AIR14840355,0,0,Gold Rush Drive,34.24142,-116.88852
AIR16603525,0,0,,34.23682,-116.91273
AIR17402969,1,0,,34.24287,-116.93129
AIR20958392,0,0,,34.24074,-116.87263
AIR21064236,1,0,,34.14726,-116.37217
AIR21721621,1,0,,34.12789,-116.26627
AIR21782308,0,0,,34.24648,-116.92851
AIR24439365,0,0,,34.24036509,-116.8856317
AIR2627213,1,0,East Sherwood Boulevard,34.235184,-116.849365
AIR26764499,1,0,,34.25089,-116.86638
AIR30145587,1,0,,34.23184,-116.85457
AIR30466704,0,0,,34.24477242,-116.8728626
AIR31716075,0,0,,34.11147,-116.30378
AIR37943379,0,0,,34.12061,-116.31357
AIR38070425,0,0,,34.24408,-116.87751
AIR39749193,0,1,,34.24605,-116.90343
AIR40642577,1,1,,34.9793,-116.44719
AIR4316721,1,0,Shasta Road,34.25946,-116.82312
AIR7114807,0,0,,34.9897,-116.28695
AIR7436129,1,0,Crater Lake Road,34.25977,-116.83701
AIR8117851,0,0,,34.9107,-116.30239
AIR94995,0,0,Oriole Drive,34.11284,-116.4063
AIR16334463,0,0,,34.23135,-116.85686
AIR17403224,1,0,,34.23433,-116.8529
AIR19789439,0,0,,34.24742,-116.23678
AIR22945334,1,0,,34.23893,-116.94617
AIR2547590,1,0,Waterview Drive,34.24682236,-116.8987427
AIR25866733,0,0,,34.9873,-116.30344
AIR27196719,1,0,,34.23971,-116.85991
AIR27483089,1,0,,34.22974,-116.85952
AIR27658794,1,0,,34.15109,-116.4322
AIR28490053,0,0,,34.25069,-116.87227
AIR28814854,0,0,,34.23003,-116.84389
AIR30145485,0,0,,34.24476,-116.93217
AIR31716064,1,0,,34.25946,-116.85936
AIR37718701,0,0,,34.12007,-116.34581
AIR37831253,1,0,,34.24136,-116.90559
AIR38522889,1,0,,34.13768,-116.41002
AIR39652873,0,0,,34.26185,-116.83582
AIR40156399,0,0,,34.15116,-116.37408
AIR40298260,1,0,,34.20889,-116.38221
AIR40310113,1,1,,34.14159,-116.31331
AIR7073177,0,0,Buffalo Court,34.24281,-116.85732
AIR7106268,0,0,Lake Drive,34.15842,-116.30707
AIR7108963,0,0,Starlight Circle,34.24235,-116.8247
AIR7109197,1,0,Ironwood Drive,34.14294,-116.31496
AIR7110682,1,0,Moonridge Road,34.23611,-116.88716
AIR7110741,1,0,,34.13908,-116.41505
AIR9199693,1,0,Catalina Road,34.11478,-116.40227
AIR9451409,0,0,Snake Dance,34.24647,-116.87759
AIR9986505,1,0,Rocking Chair Road,34.17267,-116.35218
AIR10000347,0,0,Cienega Road,34.22726,-116.85398
AIR14479933,0,0,Mountain Lake Road,34.23815,-116.88636
AIR14479968,0,0,,34.22741,-116.86463
AIR14936651,0,0,Tuolumne Road,34.17267,-116.32046
AIR16489534,1,0,,34.26051,-116.84338
AIR16871297,1,0,,34.24097,-116.88956
AIR16959650,1,0,,34.14924,-116.42077
AIR2032159,1,0,North Bay Drive,34.22971,-116.85229
AIR22420142,1,0,,34.25194,-116.42193
AIR22485690,0,0,,34.10458,-116.44395
AIR22700889,0,0,,34.23908,-116.89288
AIR22863028,0,0,,34.2388,-116.89984
AIR22926946,1,0,,34.13464,-116.41012
AIR28045893,1,0,,34.23518,-116.84684
AIR30047013,0,0,,34.239388,-116.887085
AIR30145540,0,0,,34.20069,-116.50202
AIR30145607,0,0,,34.240307,-116.92849
AIR30148380,0,0,,34.25983,-116.86403
AIR31060389,0,0,,34.24155,-116.89385
AIR37999022,0,0,,34.25769,-116.85533
AIR39250268,1,1,,34.11324,-116.31863
AIR39393288,1,0,,34.22664,-116.86658
AIR39437678,0,0,,34.24451,-116.80163
AIR39792941,0,0,,34.26426,-116.87517
AIR5884470,0,0,East Country Club Boulevard,34.24603,-116.86807
AIR6326589,0,0,Colusa Lane,34.2389,-116.87469
AIR7105841,1,0,Mockingbird Drive,34.151588,-116.300522
AIR9813773,0,0,Moonridge Road,34.24113,-116.92526
AIR14470468,0,0,,34.22662,-116.85465
AIR25012943,1,0,,34.23612,-116.83574
AIR27247738,1,0,,34.24156,-116.91475
AIR27719521,0,0,,34.11842,-116.38807
AIR27962131,0,0,,34.11629,-116.3277
AIR28866453,1,0,,34.26074,-116.82519
AIR33324566,1,0,,34.22865,-116.8426
AIR33338871,0,0,,34.12359,-116.27533
AIR33709819,1,0,,34.13282,-116.28012
AIR34176750,0,0,,34.26848,-116.84745
AIR34598171,1,0,,34.23889,-116.89632
AIR35760907,0,0,,34.24806,-116.89611
AIR38325051,0,0,,34.24512,-116.8796
AIR39233214,1,0,,34.24814,-116.45605
AIR39949856,1,0,,34.24905,-116.45604
AIR40202409,1,0,,34.24445,-116.87472
AIR4825287,0,0,Tehama Drive,34.24592,-116.89687
AIR5031391,0,0,,34.23904,-116.88894
AIR5046475,1,0,,34.12335,-116.33206
AIR5383383,1,0,Minton Avenue,34.24791,-116.92906
AIR7714755,1,0,Finch Drive,34.23219,-116.86414
AIR9837705,0,0,Midway Boulevard,34.24374,-116.87805
AIR9863805,0,0,,34.18171,-116.35216
AIR13953777,1,0,Stony Creek Road,34.9292,-116.31408
AIR15220587,0,0,,34.26543,-116.83354
AIR15508163,0,0,Butte Avenue,34.23813,-116.88946
AIR15840244,1,0,Primrose Drive,34.9271,-116.31611
AIR1656868,0,0,Club View Drive,34.23387,-116.85104
AIR17607465,0,0,,34.12665,-116.32017
AIR17805706,1,0,,34.25077,-116.86519
AIR17988195,0,1,,34.24717,-116.89027
AIR21968155,0,0,,34.19624,-116.38497
AIR22755663,0,0,,34.25832,-116.83494
AIR24711094,0,0,,34.25173,-116.90414
AIR24806686,0,0,,34.12808,-116.32047
AIR25172809,0,0,,34.25544,-116.87673
AIR27135337,0,0,,34.23937,-116.88516
AIR27202357,0,0,,34.2353,-116.84773
AIR28304044,0,0,,34.24098,-116.86264
AIR28518637,0,0,,34.1237,-116.32261
AIR29521402,0,0,,34.22732,-116.86458
AIR29856363,1,0,,34.25802,-116.85432
AIR29902756,0,0,,34.23574,-116.87278
AIR30145521,0,0,,34.8207,-116.39053
AIR30145526,0,0,,34.24047,-116.85558
AIR30145545,0,0,,34.22518,-116.85393
AIR30145566,0,0,,34.18455,-116.31135
AIR30145603,0,0,,34.13101,-116.31674
AIR30145615,0,0,,34.24841,-116.93409
AIR30145622,1,0,,34.1046,-116.31448
AIR30565169,0,0,,34.242,-116.90754
AIR31463373,0,1,,34.15418,-116.37308
AIR31993093,1,0,,34.238338,-116.874077
AIR32614196,0,0,,34.12869,-116.31263
AIR34480459,0,0,,34.12472,-116.32883
AIR38460944,0,0,,34.24853,-116.8992
AIR39293861,0,0,,34.2469,-116.92754
AIR4767264,0,0,Alta Vista Avenue,34.23598,-116.93424
AIR5944192,0,0,Grenfall Lane,34.2251,-116.84967
AIR6730047,1,0,Cove Drive,34.15123,-116.30201
AIR7109308,1,0,Winterset Court,34.24271,-116.92738
AIR7618345,0,0,Sheephorn Road,34.25103,-116.86622
AIR10211502,1,0,San Pasqual Drive,34.24512,-116.87505
AIR11612245,1,0,Forest Road,34.24742,-116.87722
AIR14200336,1,0,Lake Drive,34.14181,-116.31839
AIR14200600,0,0,Switzerland Place,34.23999,-116.89053
AIR14252810,1,0,Sheephorn Road,34.25888,-116.86592
AIR16160775,1,0,,34.24468,-116.95436
AIR17402903,1,0,,34.23807,-116.9595
AIR17403153,1,0,,34.2294,-116.86546
AIR17607611,1,0,,34.2025,-116.3001
AIR18430036,0,0,,34.24437,-116.94197
AIR20184734,1,0,,34.24503,-116.90152
AIR20362517,1,0,,34.22839,-116.86394
AIR20410589,0,0,,34.22503,-116.85471
AIR20996111,0,0,,34.24124,-116.88923
AIR21080094,0,0,,34.24505,-116.95682
AIR21633679,1,0,,34.24979,-116.9007
AIR21849523,1,0,,34.23981,-116.92555
AIR21852260,0,0,,34.24348,-116.9254
AIR21856810,0,0,,34.24916458,-116.9393158
AIR22421366,0,0,,34.9293,-116.29745
AIR23708423,1,0,,34.21989,-116.24429
AIR25172832,1,0,,34.24563,-116.94227
AIR26131105,0,0,,34.15723,-116.43803
AIR26406898,1,0,,34.26732,-116.84086
AIR28249817,1,0,,34.22556,-116.85672
AIR28411069,0,0,,34.24172,-116.87315
AIR29155977,1,0,,34.24027,-116.90554
AIR30145488,0,1,,34.24643,-116.86688
AIR30566785,1,0,,34.24539,-116.94411
AIR30960169,0,0,,34.26615,-116.78976
AIR30968769,1,0,,34.23066,-116.84921
AIR31963772,0,0,,34.24013,-116.89573
AIR31964048,1,0,,34.23535,-116.85819
AIR32427616,1,0,,34.23776,-116.9181
AIR33493779,1,0,,34.23477,-116.86703
AIR33742440,1,0,,34.24038,-116.8851
AIR37301209,1,0,,34.24939,-116.89567
AIR37496816,0,0,,34.24692,-116.89003
AIR37714652,1,0,,34.24847,-116.92643
AIR38244026,1,0,,34.2425,-116.8886
AIR38575969,0,0,,34.25688,-116.86406
AIR39248749,1,1,,34.23906,-116.88242
AIR39464791,0,0,,34.24134,-116.86257
AIR39630755,0,0,,34.24213,-116.86807
AIR39846081,0,0,,34.23713,-116.8903
AIR40261289,1,0,,34.13191,-116.31016
AIR40263484,0,0,,34.23877,-116.9593
AIR40288023,1,0,,34.24822,-116.9354
AIR40612364,0,0,,34.21215,-116.27273
AIR4403449,1,0,Angels Camp Road,34.23529,-116.88574
AIR4661220,0,0,Plumas Court,34.23888,-116.86982
AIR5127987,0,0,Colusa Lane,34.24011,-116.92272
AIR58748,1,0,Pigeon Road,34.15687,-116.30535
AIR6279028,1,0,Temple Lane,34.22959,-116.85821
AIR7086670,0,0,Butte Avenue,34.23759,-116.88527
AIR7108841,1,0,Yosemite Drive,34.24723,-116.92518
AIR7112287,1,0,Silver Tip Drive,34.12767,-116.25747
AIR7112458,1,0,Willow Landing Road,34.25509,-116.85965
AIR8942363,0,0,Eagle Drive,34.22426,-116.85056
AIR9187660,0,0,Aspen Drive,34.25662,-116.87791
AIR13300986,0,0,Golden West Drive,34.23999,-116.86104
AIR14774252,0,0,Rockspray Drive,34.23966,-116.88561
AIR17402867,0,0,,34.22386,-116.22133
AIR17881614,0,0,,34.24774,-116.87654
AIR20300901,1,0,,34.2329,-116.86536
AIR20469856,0,0,,34.17079,-116.36136
AIR20804845,1,0,,34.24747,-116.86738
AIR22297035,1,0,,34.13145,-116.2277
AIR23075681,0,0,,34.26835,-116.85168
AIR23859098,0,0,,34.24252,-116.887
AIR24065631,0,0,,34.24533,-116.87642
AIR25047822,1,0,,34.16195,-116.31459
AIR27261562,0,0,,34.13341,-116.30844
AIR27928473,0,0,,34.23569,-116.85455
AIR29336613,0,0,,34.23346,-116.86538
AIR29956863,0,0,,34.12083,-116.33665
AIR30088092,0,0,,34.14625,-116.37464
AIR30145583,0,0,,34.22898,-116.83953
AIR32891503,1,0,,34.23273,-116.85527
AIR33772591,0,0,,34.26027,-116.83202
AIR37501383,1,0,,34.9456,-116.28251
AIR40594841,0,0,,34.26271,-116.84265
AIR6559094,0,0,Bow Canyon Road,34.12911,-116.32197
AIR8017819,0,0,Crestwood Drive,34.23971,-116.88956
AIR12028635,1,0,Waldstrasse Way,34.24886,-116.87177
AIR14262151,1,0,La Crescenta Drive,34.24679,-116.89187
AIR15256744,1,1,Cholla Avenue,34.12272,-116.31668
AIR15510721,0,0,Summit Boulevard,34.24104,-116.87731
AIR15631287,0,0,Avalon Road,34.23747,-116.84782
AIR15631599,0,0,Klamath Road,34.15491,-116.43771
AIR16205484,0,0,,34.26032,-116.85729
AIR16335122,1,0,,34.23614,-116.84977
AIR17402943,1,0,,34.2304,-116.86456
AIR17402986,1,0,,34.1633,-116.38079
AIR17607591,0,0,,34.24122,-116.87973
AIR17607604,1,0,,34.24323,-116.95002
AIR17880962,1,0,,34.24722,-116.88832
AIR17918220,0,0,,34.15172,-116.43345
AIR19861810,1,0,Windsong Place,34.11843,-116.34332
AIR21010322,1,0,,34.24163,-116.87679
AIR21160373,1,0,,34.24182,-116.92507
AIR21863821,1,0,,34.24613,-116.83046
AIR22119803,0,0,,34.23859,-116.88879
AIR22165698,0,1,,34.24416,-116.85819
AIR26666195,0,0,,34.24993,-116.86901
AIR26868438,1,0,,34.12436,-116.23179
AIR27285459,0,0,,34.12354,-116.3248
AIR28609025,1,0,,34.24015,-116.94262
AIR28913195,1,0,,34.23879,-116.88856
AIR29035122,0,0,,34.25544,-116.86943
AIR29359581,1,0,,34.11264,-116.33313
AIR30145512,0,0,,34.23579,-116.91364
AIR32798722,1,0,,34.23463,-116.92803
AIR33117856,1,0,,34.23632,-116.92837
AIR34603983,1,0,,34.26059,-116.84457
AIR3510749,1,0,Balsam Drive,34.22617,-116.86478
AIR36202861,1,0,,34.24268,-116.93012
AIR36422578,1,0,,34.13367,-116.31093
AIR36557847,0,0,,34.244854,-116.927361
AIR36919635,0,0,,34.23775,-116.91916
AIR38003579,0,0,,34.24342,-116.92336
AIR3802993,1,0,Villa Grove Avenue,34.9705,-116.28706
AIR39060412,1,0,,34.24479,-116.87312
AIR40093820,0,0,,34.11524,-116.4802
AIR40186386,1,0,,34.11487,-116.31275
AIR40206706,1,0,,34.12137,-116.31162
AIR5269120,1,0,Gold Rush Drive,34.25581,-116.87642
AIR6278977,0,0,Cameron Drive,34.26131,-116.86533
AIR6279078,1,0,Sheephorn Road,34.25459,-116.86073
AIR6279101,1,0,Lassen Court,34.23257,-116.85445
AIR6350250,0,0,West Big Bear Boulevard,34.23612,-116.87417
AIR7113172,0,0,Robinhood Boulevard,34.13273,-116.30917
AIR828953,1,0,Silver Tip Drive,34.24154,-116.86286
AIR10833910,0,0,Jemez Trail,34.11826,-116.34722
AIR11911637,1,0,Big Bear Boulevard,34.23081207,-116.8451767
AIR12905918,1,0,,34.23845,-116.88632
AIR13865132,1,0,Mount Doble Drive,34.23763,-116.85136
AIR14124558,1,0,Bluebird Court,34.24167,-116.86568
AIR14254814,1,0,Monterey Street,34.10712,-116.33004
AIR15055918,1,0,Hillcrest Drive,34.2454,-116.87982
AIR15510900,0,0,Lintner Road,34.2395,-116.94033
AIR15564165,1,0,Ravine Road,34.22609,-116.85448
AIR16428729,0,0,,34.2483,-116.93514
AIR16498704,1,0,,34.24301,-116.86078
AIR17403054,1,0,,34.13172,-116.31993
AIR17607593,1,0,,34.12488,-116.31934
AIR17611565,0,0,,34.24648,-116.93002
AIR18567176,0,0,,34.24223,-116.88545
AIR18567724,0,0,,34.24891,-116.8983
AIR18964045,1,0,,34.14046,-116.31672
AIR19180081,0,0,,34.24539,-116.92322
AIR21152882,1,0,,34.2387,-116.88559
AIR21213316,1,0,,34.24053,-116.92288
AIR21439478,1,0,,34.27651,-116.84356
AIR21487444,0,0,,34.23674774,-116.8873215
AIR21632130,0,0,,34.23086,-116.86148
AIR21662240,0,0,,34.23377,-116.84466
AIR21836627,0,0,,34.245258,-116.923286
AIR21848582,1,0,,34.11354,-116.31424
AIR21850143,0,0,,34.23343,-116.85214
AIR23902016,0,0,,34.27097,-116.86121
AIR24099854,1,0,,34.22584,-116.84851
AIR25050105,1,0,,34.25596,-116.86142
AIR25909941,1,0,,34.26352,-116.85978
AIR26165552,0,0,,34.24288,-116.78975
AIR26346810,0,0,,34.24971,-116.90225
AIR28306062,1,0,,34.25637,-116.86604
AIR29490070,1,0,,34.23739,-116.83382
AIR29542753,0,1,,34.24359,-116.87701
AIR29759214,0,0,,34.247646,-116.925858
AIR29855379,0,0,,34.11236,-116.31649
AIR30057256,0,0,,34.24175,-116.87067
AIR30680441,1,0,,34.2695,-116.86443
AIR3069095,0,0,Bow Canyon Road,34.15194,-116.40787
AIR31475442,1,0,,34.13357,-116.31829
AIR31698843,0,0,,34.2468,-116.9315
AIR34603811,1,0,,34.24352,-116.93068
AIR37943473,0,0,,34.23949,-116.90735
AIR39060376,0,0,,34.15516,-116.38301
AIR39530486,1,0,,34.24417496,-116.9494858
AIR40591761,0,0,,34.23399,-116.85056
AIR40817298,1,0,,34.24557,-116.92642
AIR4509329,1,0,Clover Drive,34.23577,-116.84887
AIR4588679,0,0,Pigeon Road,34.26093,-116.79208
AIR4733393,0,0,Park Avenue,34.24081,-116.86392
AIR5115919,0,0,Forest Road,34.24288,-116.9087
AIR6279067,1,0,Catalina Road,34.23044968,-116.8420944
AIR6675996,0,0,Yosemite Drive,34.23963,-116.88889
AIR7110351,1,0,Eagles Flight Place,34.24578,-116.8689
AIR7601955,1,0,Evergreen Drive,34.11593,-116.33656
AIR8572681,0,0,,34.12994,-116.22907
AIR8830938,1,0,Hummingbird Lane,34.13581,-116.40715
AIR9200947,1,0,,34.10632,-116.41579
AIR12361554,1,1,Cienega Road,34.25554,-116.87427
AIR14200114,1,0,Houston Court,34.23801,-116.92886
AIR15745591,1,0,Wolf Road,34.24635,-116.44567
AIR17286536,1,0,,34.12533,-116.31826
AIR17403004,0,0,,34.25868,-116.83446
AIR17418766,1,0,,34.23635,-116.8869
AIR20070729,1,0,,34.26391,-116.83467
AIR20636298,0,0,,34.2432,-116.86784
AIR24159754,0,0,,34.24139,-116.82979
AIR25586292,0,0,,34.24026,-116.90034
AIR26150094,0,0,,34.25836,-116.84556
AIR26766557,0,0,,34.25792,-116.83455
AIR2784124,0,0,Summit Boulevard,34.24535,-116.895348
AIR29140786,0,0,,34.12516,-116.33184
AIR29756248,0,0,,34.16519,-116.35793
AIR29825778,1,0,,34.25855,-116.86137
AIR30063956,0,0,,34.23441,-116.91379
AIR30145516,1,0,,34.24878,-116.8696
AIR30959248,0,0,,34.24759,-116.92848
AIR31087943,1,0,,34.24165,-116.92404
AIR31672387,0,0,,34.10394,-116.46127
AIR33364734,1,1,,34.12643,-116.32338
AIR34502073,0,0,,34.12141,-116.32457
AIR34645535,0,0,,34.24858,-116.93164
AIR34906852,1,0,,34.25931,-116.84805
AIR34942551,0,0,,34.25053,-116.92913
AIR35373905,0,0,,34.20577621,-116.3516846
AIR36146782,1,0,,34.2405,-116.89175
AIR38186090,0,0,,34.24248,-116.86788
AIR38576753,1,0,,34.24706,-116.92897
AIR38816794,1,0,,34.2414,-116.86955
AIR39228712,1,0,,34.23776,-116.88797
AIR39279152,1,0,,34.23749,-116.90203
AIR4386727,1,0,Cameron Drive,34.12906,-116.31978
AIR4832056,0,0,Moonridge Road,34.12588,-116.35089
AIR5202992,1,0,Mahanoy Lane,34.25949,-116.86011
AIR6055454,1,1,,34.2430191,-116.9251099
AIR7196789,1,0,Lassen Court,34.14915,-116.227
AIR8384198,1,0,Calle Del Rio,34.14244,-116.42107
AIR8505325,0,0,West Rainbow Boulevard,34.2421,-116.89186
AIR13258746,1,0,,34.2473,-116.93432
AIR14124353,0,0,Olympic Drive,34.24402,-116.90118
AIR15343152,0,0,Cove Drive,34.13084,-116.32113
AIR17402860,1,0,,34.2418,-116.8616
AIR18413233,0,0,,34.24162,-116.83123
AIR18567481,0,0,,34.23742,-116.84693
AIR18567847,0,0,,34.23772,-116.94714
AIR21066684,1,0,,34.26856,-116.84433
AIR21849791,0,0,,34.24106,-116.91584
AIR24749719,1,0,,34.24979,-116.8777
AIR25172847,1,0,,34.10403,-116.32407
AIR26452578,1,0,,34.24139,-116.93721
AIR28078337,0,0,,34.26058,-116.83941
AIR28910413,1,0,,34.24525,-116.87624
AIR29612613,1,0,,34.14345,-116.31247
AIR29856647,0,0,,34.2396,-116.86313
AIR29943687,0,0,,34.1276,-116.38899
AIR30565159,1,0,,34.23588562,-116.913002
AIR30853451,0,0,,34.18292,-116.40987
AIR32810903,0,0,,34.11124,-116.34866
AIR32921240,0,0,,34.15433,-116.506
AIR33743808,1,0,,34.24153,-116.9605
AIR35370905,0,0,,34.25931,-116.84692
AIR38372586,0,0,,34.23537,-116.89777
AIR39318391,1,0,,34.2376,-116.84879
AIR39320326,1,0,,34.24111,-116.91458
AIR39637004,1,0,,34.26388,-116.87711
AIR40072616,1,0,,34.11365,-116.31847
AIR6362816,0,0,Willow Landing Road,34.22793,-116.84122
AIR6615237,0,0,Pinecrest Drive,34.26269,-116.82144
AIR6762247,1,0,,34.10225,-116.32212
AIR9699388,1,0,Wren Drive,34.2504,-116.86863
AIR11375202,0,0,Knoll Road,34.10572,-116.30743
AIR16131099,1,0,,34.24501,-116.81962
AIR20184738,1,0,,34.24683,-116.92488
AIR20184753,1,0,,34.23882,-116.8607
AIR20945496,1,0,,34.973,-116.37094
AIR20945622,1,0,,34.2442,-116.92613
AIR22076955,1,0,,34.23244,-116.85969
AIR28111284,1,0,,34.12772,-116.32183
AIR28313627,0,0,,34.24074,-116.86703
AIR2934421,1,0,Silver Tip Drive,34.25161,-116.86747
AIR30063960,0,0,,34.24396,-116.87297
AIR33492269,1,0,,34.2408,-116.8913
AIR34811264,0,0,,34.24101,-116.9417
AIR36141708,1,0,,34.12241,-116.3481
AIR36366959,1,0,,34.24041,-116.93973
AIR37462209,1,0,,34.24681,-116.89507
AIR37970372,1,0,,34.24174,-116.86333
AIR38046173,0,0,,34.11721,-116.32366
AIR38421176,0,0,,34.23756,-116.886459
AIR39820447,0,0,,34.24087,-116.95099
AIR9497839,0,1,,34.24003,-116.86419
AIR955297,1,0,Castlewood Road,34.24601,-116.92524
AIR14200088,1,0,Golden Oak Road,34.2445,-116.9197
AIR18567230,0,0,,34.23974,-116.90478
AIR20214258,1,0,,34.24358,-116.92114
AIR20651000,1,0,,34.26763,-116.85796
AIR2288043,1,0,Peninsula Lane,34.23997,-116.85675
AIR25767703,1,0,,34.12652,-116.32126
AIR27110602,1,0,,34.25532,-116.86589
AIR28128140,1,0,,34.24543762,-116.839386
AIR28490055,1,0,,34.24284,-116.8837
AIR29872931,1,0,,34.24391,-116.92323
AIR30145655,0,0,,34.23818,-116.85758
AIR32932831,0,0,,34.24859,-116.93674
AIR33157613,0,0,,34.24048,-116.94311
AIR36390310,1,0,,34.23491,-116.85078
AIR38412086,0,0,,34.23983,-116.8955
AIR39529997,1,1,,34.23779,-116.85167
AIR39673957,1,0,,34.263569,-116.875366
AIR40263140,1,0,,34.14383,-116.41286
AIR40427491,0,0,,34.13003,-116.31367
AIR40537192,1,0,,34.23274,-116.84355
AIR936182,0,0,Copper Mesa Road,34.237476,-116.863159
AIR9542631,0,0,Pine Lane,34.24233,-116.88503
AIR9796797,1,0,Juniper Drive,34.16621,-116.25871
AIR11970806,1,0,Gibralter Road,34.23516,-116.852
AIR12386241,0,0,Edgemoor Road,34.24372,-116.95682
AIR14200443,0,0,Lakeview Court,34.23939,-116.88671
AIR14479975,1,0,Knoll Road,34.24215,-116.92308
AIR16973733,1,0,,34.24133,-116.89015
AIR17403089,1,0,,34.23665,-116.8728
AIR1782553,1,0,Yosemite Drive,34.10778,-116.31951
AIR18563209,1,0,,34.24006,-116.85735
AIR18567391,0,0,,34.20016,-116.28444
AIR19250665,0,0,,34.2364,-116.88613
AIR19907952,1,0,Windsong Place,34.23627,-116.85258
AIR20232438,1,0,,34.23573,-116.85985
AIR21149220,1,0,,34.24168,-116.86277
AIR22546839,1,0,,34.2453,-116.95342
AIR22788268,0,0,,34.2382,-116.85575
AIR26132541,1,0,,34.24807,-116.86973
AIR26452124,1,0,,34.26555,-116.85083
AIR26463772,1,0,,34.23587,-116.89328
AIR27834284,1,0,,34.13214,-116.31921
AIR28001321,0,0,,34.24404,-116.92674
AIR29059758,0,0,,34.2409,-116.95867
AIR29261174,1,0,,34.24077,-116.8563
AIR29878087,0,0,,34.24713,-116.89607
AIR29957373,0,0,,34.24874,-116.89183
AIR30145482,1,0,,34.23641,-116.91725
AIR30145562,0,0,,34.1243,-116.26421
AIR30145593,1,0,,34.24045,-116.86127
AIR30145637,0,0,,34.24186,-116.89619
AIR30561851,0,0,,34.240726,-116.934792
AIR30564692,0,0,,34.24043,-116.89438
AIR30935239,0,0,,34.23512,-116.84894
AIR30968762,0,0,,34.25218,-116.90172
AIR31561965,1,0,,34.23904,-116.89043
AIR31831880,0,0,,34.2366,-116.89922
AIR32847633,0,0,,34.2466,-116.93626
AIR33706802,1,0,,34.12211,-116.25754
AIR35353221,1,0,,34.10027,-116.30751
AIR35707058,0,0,,34.24231,-116.91669
AIR35807214,0,0,,34.23866,-116.92993
AIR36776183,0,0,,34.2386,-116.88959
AIR39254330,1,0,,34.24269,-116.87558
AIR39298267,0,0,,34.23997,-116.88645
AIR39727280,1,0,,34.24969,-116.87428
AIR39868084,0,0,,34.24019,-116.86213
AIR40309849,1,0,,34.24144,-116.86047
AIR5051903,0,0,Colusa Drive,34.23717,-116.89213
AIR6278946,1,0,Crestwood Drive,34.24364,-116.8595
AIR6490672,0,0,Aster Avenue,34.23414,-116.85584
AIR7088933,1,0,Edgemoor Road,34.24149,-116.89418
AIR7112060,1,0,Maryland Road,34.24959,-116.89352
AIR781338,0,0,Talbot Drive,34.23009,-116.84399
AIR9174808,0,0,Barrett Way,34.25224,-116.86638
AIR12175604,1,0,Shasta Road,34.23004,-116.86354
AIR16026089,0,0,,34.8794,-116.29278
AIR16314961,0,0,,34.27093,-116.85141
AIR16871290,1,0,,34.23702,-116.85924
AIR16871298,0,0,,34.24203,-116.89065
AIR16871322,0,0,,34.23249,-116.85477
AIR16871328,1,0,,34.23933,-116.891
AIR17402841,0,0,,34.24196,-116.86914
AIR17805709,0,0,Fox Farm Road,34.22991,-116.86374
AIR17891808,0,0,,34.24498,-116.87058
AIR18567643,0,0,,34.22531,-116.85083
AIR18567710,0,0,,34.281,-116.79607
AIR18698450,0,0,,34.23771,-116.83359
AIR19267042,1,0,Olympic Drive,34.22482,-116.40842
AIR19789448,1,0,,34.11381,-116.43133
AIR20538993,0,0,,34.23635,-116.85361
AIR21206420,1,0,,34.2063,-116.28731
AIR21367187,1,1,,34.23883,-116.92985
AIR21728268,1,0,,34.24316,-116.89011
AIR21937871,0,0,,34.24324,-116.88948
AIR21996300,0,0,,34.24506,-116.86847
AIR21999572,1,0,,34.2368,-116.89859
AIR22943351,0,0,,34.29221,-116.81032
AIR23121107,0,0,,34.22686,-116.86228
AIR23454704,0,0,,34.12584,-116.31835
AIR24572700,1,0,,34.9243,-116.31215
AIR28098809,1,0,,34.9258,-116.30611
AIR28580485,0,0,,34.25032,-116.93188
AIR28777370,0,0,,34.23993,-116.90115
AIR28809095,0,0,,34.23773,-116.8618
AIR29645820,0,0,,34.24222,-116.92066
AIR30589073,0,0,,34.24626,-116.87739
AIR31222982,1,0,,34.26055,-116.86178
AIR31390545,1,1,,34.23608,-116.85992
AIR31981719,0,0,,34.26148,-116.86525
AIR32477492,0,0,,34.24385,-116.78896
AIR32938357,0,0,,34.23195,-116.84709
AIR34910803,0,0,,34.241455,-116.94516
AIR35459542,0,0,,34.23144,-116.86528
AIR36207048,1,0,,34.238979,-116.858887
AIR36463087,0,0,,34.2078,-116.50128
AIR37124286,0,0,,34.14209,-116.39623
AIR40134656,0,0,,34.26641,-116.84563
AIR40210284,1,0,,34.9545,-116.30889
AIR40293677,0,0,,34.24579,-116.92557
AIR40309477,0,0,,34.24202,-116.89326
AIR5259292,1,0,Wolf Road,34.24435,-116.90265
AIR7635253,1,0,Primrose Drive,34.23783,-116.88848
AIR8272249,0,0,West Fairway Boulevard,34.23772,-116.88583
AIR12134023,1,0,Klamath Road,34.23833,-116.88674
AIR14124548,1,0,Finch Drive,34.23838,-116.88682
AIR15329746,1,0,Sheephorn Road,34.247,-116.86815
AIR15718198,0,0,Sheephorn Road,34.22815,-116.85676
AIR15958885,1,0,Plymouth Road,34.23575,-116.89084
AIR16532817,0,0,,34.24091,-116.90637
AIR16723885,1,1,,34.23903,-116.85351
AIR1688438,0,0,Creek Road,34.2532,-116.90335
AIR17175769,0,0,,34.23694,-116.89029
AIR17476446,0,0,,34.23757,-116.89111
AIR19946199,1,0,,34.23759,-116.89049
AIR20327073,0,0,,34.2286,-116.85309
AIR20728707,0,0,,34.23725,-116.89107
AIR21099400,1,0,,34.23611,-116.89056
AIR21106601,0,0,,34.25989,-116.8436
AIR21149209,1,0,,34.23628,-116.8926
AIR21220649,0,0,,34.23575,-116.89215
AIR21311340,0,0,,34.23756,-116.89066
AIR21645334,1,0,,34.24145,-116.92104
AIR21667006,1,0,,34.24622,-116.94617
AIR22944803,1,0,,34.25097,-116.88048
AIR23257570,0,0,,34.23948,-116.87991
AIR23593985,1,0,,34.25095,-116.94139
AIR2514507,1,0,Switzerland Place,34.24516,-116.87618
AIR27783802,0,0,,34.2675,-116.86089
AIR28166667,0,1,,34.25341,-116.88025
AIR2816917,1,1,Starvation Flats Road,34.23844,-116.82383
AIR29548193,1,0,,34.2355,-116.8483
AIR29617624,1,0,,34.23943,-116.85551
AIR29688640,0,0,,34.24263,-116.92486
AIR30063953,0,0,,34.8019,-116.37654
AIR30145628,0,0,,34.25264,-116.8808
AIR30851058,0,0,,34.2422,-116.8618
AIR30968743,0,0,,34.23979,-116.88697
AIR33428739,1,1,,34.2521,-116.87999
AIR33638286,0,0,,34.23996,-116.92826
AIR37833742,1,0,,34.24654,-116.89829
AIR39086690,0,0,,34.12838,-116.31354
AIR39116527,0,0,,34.10443,-116.37149
AIR39695655,0,0,,34.237736,-116.862297
AIR39775103,1,0,,34.11093,-116.3238
AIR39891342,0,0,,34.121407,-116.328949
AIR40182513,0,0,,34.22938,-116.84423
AIR40184908,1,0,,34.24372,-116.9171
AIR40381034,1,0,,34.23125,-116.86125
AIR40730979,1,0,,34.15362,-116.43614
AIR40805665,1,1,,34.26642,-116.86604
AIR6543255,0,0,Petunia Drive,34.25887,-116.84183
AIR7202072,1,0,East Big Bear Boulevard,34.22742,-116.85785
AIR8144308,1,0,Primrose Drive,34.23966,-116.9024
AIR14322503,0,0,Hillen Dale Drive,34.12841,-116.31947
AIR16314674,0,0,,34.12236023,-116.2212906
AIR16436136,1,0,,34.24508,-116.93356
AIR16647451,0,0,,34.23817,-116.85878
AIR17361781,1,1,,34.14173,-116.18252
AIR19954167,1,0,,34.25165,-116.87831
AIR21152662,1,0,,34.22792,-116.8568
AIR25345062,1,0,,34.26984,-116.85901
AIR27107999,1,0,,34.23525,-116.84814
AIR27114768,0,0,,34.25041,-116.94128
AIR27982419,1,0,,34.24416,-116.92566
AIR28609145,0,0,,34.2415,-116.90719
AIR28689218,1,0,,34.24947,-116.90189
AIR28780802,0,0,,34.24626,-116.8953
AIR29521405,0,0,,34.24456,-116.89486
AIR32501817,0,0,,34.24083,-116.94922
AIR32503197,0,0,,34.23653,-116.86166
AIR33452666,0,1,,34.23737,-116.88843
AIR33599267,1,0,,34.23663,-116.86494
AIR34173668,0,0,,34.24365,-116.85827
AIR37400790,1,1,,34.25003,-116.8681
AIR38928474,0,0,,34.24092,-116.89069
AIR40259932,0,0,,34.23439,-116.8472
AIR40537021,1,0,,34.2472,-116.83108
AIR4409647,1,0,Eagle Ridge,34.22893,-116.84976
AIR8130056,1,0,Cedar Avenue,34.25856,-116.84709
AIR8652610,0,0,Saint Moritz Drive,34.24477,-116.89234
AIR14059902,1,0,,34.22993,-116.84758
AIR14354768,0,0,Sonoma Drive,34.23057,-116.83889
AIR16203515,0,0,,34.9755,-116.30666
AIR16256201,1,0,,34.2428,-116.92337
AIR16257831,1,0,,34.27016,-116.85849
AIR16871289,0,0,,34.22923,-116.85945
AIR16871292,1,0,,34.23772,-116.89224
AIR17653809,0,0,,34.23704,-116.86718
AIR17942886,0,0,,34.24391,-116.88486
AIR18525396,1,0,,34.23797,-116.84575
AIR18565424,0,0,,34.12908,-116.31856
AIR18565433,0,0,,34.24419,-116.92925
AIR18566749,0,0,,34.24442,-116.93283
AIR18566792,1,0,,34.23893,-116.89144
AIR18566803,0,0,,34.12604,-116.32487
AIR18566979,0,0,,34.24589,-116.94465
AIR18567298,1,0,,34.2368,-116.86184
AIR18567430,0,0,,34.11622,-116.35228
AIR18567631,1,0,,34.9347,-116.42317
AIR18567640,0,0,,34.23961,-116.90659
AIR18567703,1,0,,34.23452,-116.84998
AIR18567713,1,1,,34.24114,-116.90688
AIR18567767,0,0,,34.1846,-116.39616
AIR18567793,1,0,,34.25341,-116.88133
AIR18567836,0,0,,34.24049,-116.92624
AIR18567876,0,0,,34.23933,-116.94673
AIR18567880,1,0,,34.237957,-116.886131
AIR18567885,1,0,,34.12539,-116.3165
AIR18685664,1,0,,34.24001,-116.8874
AIR18703254,0,0,,34.2377,-116.88712
AIR18703256,1,0,Balsam Drive,34.23617,-116.87004
AIR18703275,0,0,Balsam Drive,34.16053,-116.30614
AIR18997653,0,0,,34.24028,-116.95008
AIR20121880,1,0,,34.23729,-116.85903
AIR20184756,1,0,,34.25371,-116.8732
AIR20232437,1,0,,34.23572,-116.8523
AIR20406227,0,0,,34.1294,-116.42907
AIR20724721,0,0,,34.26601,-116.83992
AIR21768147,1,0,,34.23774,-116.86115
AIR21800925,0,0,,34.2435,-116.9442
AIR21800940,0,0,,34.24751,-116.89325
AIR22029972,0,0,,34.23573,-116.84557
AIR22225752,0,0,,34.23006,-116.85779
AIR22719813,1,0,,34.24049,-116.86402
AIR22939437,0,0,,34.22833,-116.8617
AIR23255731,1,0,,34.24058,-116.88416
AIR23255743,1,0,,34.23108,-116.84627
AIR24081961,0,0,,34.25266,-116.86658
AIR24625364,0,0,,34.27033,-116.86165
AIR24756588,0,0,,34.24912,-116.93689
AIR25613735,0,0,,34.24243,-116.89528
AIR26155893,1,0,,34.18483,-116.41717
AIR26368433,0,0,,34.23647,-116.80754
AIR26447689,0,0,,34.25739,-116.86471
AIR26448533,0,0,,34.22866,-116.84315
AIR26449537,0,0,,34.24157,-116.82843
AIR26449890,1,0,,34.25006,-116.86766
AIR26640346,1,0,,34.26311,-116.82711
AIR27297244,0,0,,34.24338,-116.86064
AIR277947,1,0,,34.25853,-116.85766
AIR28442181,1,0,,34.24566,-116.90314
AIR28719018,1,0,,34.23084,-116.85863
AIR29057398,1,0,,34.22893,-116.84176
AIR29554672,0,0,,34.236,-116.85902
AIR29589903,0,0,,34.2417,-116.88759
AIR30057258,0,0,,34.25264,-116.8808
AIR30057261,0,0,,34.23659,-116.85792
AIR30057287,0,0,,34.25589,-116.8633
AIR30072789,1,0,,34.26816,-116.85146
AIR30072790,0,0,,34.26537,-116.86433
AIR30072792,0,0,,34.2387,-116.90242
AIR30073095,0,0,,34.23765,-116.88941
AIR30073307,1,0,,34.9581,-116.2879
AIR30073455,0,0,,34.2307,-116.84553
AIR30145580,1,0,,34.24015,-116.88935
AIR30145589,1,0,,34.2407,-116.88908
AIR30713347,1,0,,34.25812612,-116.8461779
AIR32630632,0,0,,34.22657,-116.86288
AIR32980363,0,0,,34.25133,-116.87433
AIR32981567,0,0,,34.24054,-116.87396
AIR32987574,1,0,,34.24644,-116.8754
AIR33038972,1,0,,34.23997,-116.88847
AIR33468900,0,0,,34.16884,-116.40361
AIR33472184,1,0,,34.14736,-116.40437
AIR33520884,0,0,,34.13917,-116.33239
AIR33549874,0,0,,34.237926,-116.892067
AIR33550365,1,0,,34.22792,-116.85021
AIR33637662,0,0,,34.23258,-116.8486
AIR33742721,1,0,,34.16515,-116.24286
AIR33743804,1,0,,34.23678,-116.85518
AIR34229822,0,0,,34.22824,-116.84982
AIR34332416,0,0,,34.26053,-116.85826
AIR34451751,0,0,,34.23574,-116.84941
AIR35121197,0,0,,34.22479,-116.84839
AIR35383449,0,0,,34.23901,-116.95915
AIR35908328,0,0,,34.23653,-116.94631
AIR36026791,0,0,,34.24311,-116.8578
AIR36799830,0,0,,34.23953,-116.8982
AIR36800204,1,0,,34.23555,-116.90362
AIR37281570,0,0,,34.2558,-116.87515
AIR37283919,0,0,,34.22756,-116.8635
AIR37835097,0,0,,34.2453,-116.91475
AIR37991553,1,0,,34.11712,-116.48589
AIR38186529,0,0,,34.26723,-116.85901
AIR38235884,0,0,,34.12129,-116.39656
AIR38703026,0,0,,34.12368,-116.39474
AIR39060377,0,0,,34.24474,-116.87627
AIR39063423,0,0,,34.24699,-116.89731
AIR39110145,1,0,,34.23985,-116.86063
AIR39251944,0,0,,34.25069,-116.90088
AIR39558460,0,0,,34.24122,-116.94367
AIR39558945,1,0,,34.24427,-116.87622
AIR39608400,0,0,,34.25537,-116.86533
AIR39771031,0,0,,34.23474,-116.85354
AIR40013623,0,0,,34.23229,-116.85876
AIR8188690,1,0,Columbine Drive,34.23966,-116.86695
AIR9387164,1,0,Aspen Drive,34.23567,-116.85067
AIR13372512,0,0,Alpine Way,34.1133,-116.28571
AIR16175996,0,0,,34.23587,-116.85723
AIR17365308,0,0,,34.24244,-116.87596
AIR18567416,0,0,,34.27061,-116.8433
AIR18567840,1,0,,34.26101,-116.836
AIR18667008,0,0,,34.24028,-116.86409
AIR18732659,0,0,,34.23743,-116.87161
AIR20184747,0,0,,34.24879,-116.89787
AIR20300649,1,0,,34.23997,-116.92725
AIR21053718,0,0,,34.23951,-116.85442
AIR21092968,0,0,,34.22759,-116.85574
AIR21149195,1,0,,34.24073,-116.89083
AIR21836501,0,0,,34.20087,-116.39962
AIR22119231,1,0,,34.11828,-116.33661
AIR22495366,0,0,,34.24332,-116.86236
AIR23210640,0,0,,34.24478,-116.92505
AIR25296646,0,0,,34.23689,-116.86056
AIR25453220,1,0,,34.25814,-116.84999
AIR25727425,0,0,,34.2633,-116.8422
AIR25771587,1,0,,34.13244,-116.32174
AIR26057983,0,0,,34.23559,-116.86542
AIR26073955,1,0,,34.24986649,-116.9007111
AIR26101532,0,0,,34.23827,-116.92564
AIR26451767,0,0,,34.24356,-116.87496
AIR27335513,1,0,,34.24091,-116.89006
AIR27651486,0,0,,34.27098,-116.85897
AIR27659050,1,0,,34.23583,-116.90066
AIR28759968,0,0,,34.13728,-116.35134
AIR29100671,0,0,,34.23677,-116.88618
AIR29214316,1,0,,34.25536,-116.87342
AIR29390013,1,0,,34.16756439,-116.3302155
AIR29898465,0,0,,34.25758,-116.81571
AIR30047213,0,0,,34.10349,-116.41843
AIR30063954,1,0,,34.23873,-116.89913
AIR30680349,0,0,,34.23922,-116.94652
AIR30818203,0,0,,34.10642,-116.45429
AIR30962948,0,0,,34.2459,-116.87623
AIR30968747,1,0,,34.248,-116.89939
AIR31174615,0,0,,34.229073,-116.849136
AIR3282047,1,0,Blue Jay Road,34.25677,-116.86511
AIR33368697,1,0,,34.24736,-116.80321
AIR33394171,1,0,,34.18451,-116.37916
AIR33470264,0,0,,34.11837,-116.32351
AIR33494068,1,0,,34.250198,-116.872108
AIR34715587,0,0,,34.2423,-116.89654
AIR35950504,1,0,,34.24542,-116.94388
AIR35999079,0,0,,34.243141,-116.943047
AIR36178743,1,0,,34.240467,-116.959465
AIR36523517,0,0,,34.257992,-116.851227
AIR37749514,0,0,,34.231216,-116.845612
AIR38103217,0,0,,34.243519,-116.924408
AIR38209743,0,0,,34.203,-116.42459
AIR38779974,0,0,,34.2449,-116.90451
AIR39087732,1,0,,34.24446,-116.92231
AIR39950371,0,0,,34.23436,-116.85683
AIR39950450,0,0,,34.19049,-116.41284
AIR39950851,0,0,,34.245552,-116.898773
AIR40082048,0,0,,34.262001,-116.813004
AIR10204420,1,1,,34.23329,-116.85152
AIR1096822,0,0,Alta Avenue,34.24435,-116.86485
AIR12308076,1,1,Starvation Flats Road,34.2412,-116.86121
AIR17402912,1,0,,34.23812,-116.92766
AIR17607461,1,0,,34.12868,-116.30823
AIR17625147,0,0,,34.2294,-116.84351
AIR18707253,1,0,,34.24156,-116.89025
AIR18770535,1,0,,34.27115,-116.85759
AIR20409292,1,0,,34.24093,-116.88948
AIR21772137,0,0,,34.24723,-116.89995
AIR22469257,0,0,,34.23626,-116.831
AIR22772882,0,0,,34.25316,-116.90376
AIR23109978,0,0,,34.23619,-116.86198
AIR23230951,0,0,,34.2488,-116.8658
AIR23464977,0,0,,34.24116,-116.93634
AIR24335468,1,1,,34.24441,-116.93064
AIR25254189,0,0,,34.27011,-116.8662
AIR26538545,0,0,,34.239593,-116.9491141
AIR26710123,0,0,,34.24744,-116.92844
AIR28100585,0,0,,34.2323965,-116.8516229
AIR28560622,1,0,,34.257895,-116.8799685
AIR28580897,0,0,,34.2568906,-116.8768856
AIR28690298,0,0,,34.2472046,-116.9375224
AIR28736130,1,0,,34.26247,-116.86069
AIR29064869,1,0,,34.23622,-116.85097
AIR29285569,1,0,,34.25007,-116.9362
AIR29615998,1,0,,34.24226,-116.95019
AIR29653553,0,0,,34.24143,-116.89268
AIR30035785,0,0,,34.237282,-116.918037
AIR30057104,0,0,,34.227451,-116.857521
AIR30057284,1,0,,34.23061,-116.848618
AIR30073306,0,0,,34.24501,-116.900597
AIR30329039,0,0,,34.249077,-116.936592
AIR30440098,0,0,,34.239388,-116.886856
AIR31827001,0,0,,34.265675,-116.850639
AIR32721374,0,0,,34.231472,-116.843102
AIR34318186,1,0,,34.245831,-116.900269
AIR34949724,0,0,,34.24515,-116.86818
AIR37819774,1,0,,34.12365341,-116.884628
AIR38436406,0,0,,34.231003,-116.843414
AIR38552602,0,0,,34.2404,-116.90654
AIR39948794,0,0,,34.22917,-116.84756
AIR40178661,1,0,,34.24536,-116.87034
AIR40355130,0,0,,34.24597,-116.86789
AIR40560611,0,0,,34.24267,-116.85766
AIR40591073,0,0,,34.25002,-116.83039
AIR40632258,0,0,,34.2336,-116.91392
AIR4718466,0,0,East Cedar Lane,34.23448,-116.85091
AIR6041458,0,0,Fox Farm Road,34.23827,-116.84574
AIR9577334,0,0,Plumas Court,34.23457,-116.85958
AIR12312237,0,0,Scandia Road,34.19352,-116.41383
AIR14480137,1,1,Lakeview Drive,34.22964,-116.84772
AIR16499082,0,0,,34.25678,-116.82116
AIR17329427,1,0,,34.23655,-116.85079
AIR19982745,0,0,,34.24083,-116.94254
AIR21330397,0,0,,34.24371,-116.868
AIR22704361,1,1,,34.9345,-116.3915
AIR23934886,0,0,,34.24137,-116.92266
AIR23953405,0,0,,34.12541,-116.33199
AIR24082240,0,0,,34.230186,-116.85862
AIR24627115,0,0,,34.19366,-116.42854
AIR2546716,1,1,Village Drive,34.24354,-116.80576
AIR26450905,0,0,,34.2591,-116.84956
AIR28433390,1,0,,34.24767,-116.87379
AIR29054425,1,0,,34.24114,-116.89518
AIR29180541,1,0,,34.231377,-116.84787
AIR29568641,0,0,,34.23821,-116.91417
AIR29693482,0,0,,34.25895,-116.32012
AIR29924541,1,0,,34.23447,-116.85531
AIR30145528,1,0,,34.9924,-116.30183
AIR30145610,0,0,,34.240627,-116.959366
AIR3066578,1,0,Silver Tip Drive,34.23774,-116.84774
AIR31169827,1,0,,34.24143,-116.88901
AIR31174865,0,0,,34.24376,-116.88198
AIR31593242,0,0,,34.23943,-116.85797
AIR34188928,0,0,,34.23821,-116.89811
AIR34542501,0,0,,34.26507,-116.83152
AIR35154274,0,0,,34.23654,-116.85278
AIR35174764,0,0,,34.24388,-116.89525
AIR36811465,0,0,,34.23068,-116.84178
AIR38352353,0,0,,34.25033,-116.88047
AIR39134639,1,0,,34.24915,-116.87691
AIR39220024,0,0,,34.24707,-116.8988
AIR39616427,0,0,,34.12025,-116.33004
AIR4746504,0,0,Forest Hill Drive,34.27108,-116.86276
AIR5017283,1,1,Village Drive,34.9681,-116.38701
AIR8169371,1,0,La Crescenta Drive,34.23255,-116.85729
AIR9060954,0,0,Switzerland Drive,34.24772,-116.89646
AIR12092863,0,0,Teakwood Drive,34.11205,-116.32832
AIR12917859,0,0,Crimson Circle,34.24188,-116.87071
AIR14150014,0,0,Plumas Court,34.18935,-116.33069
AIR16381775,1,0,,34.2376,-116.88805
AIR17415051,0,0,,34.12363,-116.27519
AIR21747178,1,0,,34.9047,-116.29326
AIR21800927,0,0,,34.24142,-116.88852
AIR21871963,0,0,,34.23682,-116.91273
AIR22231196,1,0,,34.24074,-116.87263
AIR23018793,1,0,,34.14726,-116.37217
AIR25135284,1,0,,34.12789,-116.26627
AIR25171120,1,0,,34.24648,-116.92851
AIR25224076,1,0,,34.235184,-116.849365
AIR25534458,1,0,,34.25089,-116.86638
AIR28992762,0,0,,34.23184,-116.85457
AIR30073201,0,0,,34.11147,-116.30378
AIR30145505,1,0,,34.12061,-116.31357
AIR30145630,0,0,,34.24408,-116.87751
AIR30145662,1,0,,34.24605,-116.90343
AIR30508781,0,0,,34.9793,-116.44719
AIR30674528,1,0,,34.25946,-116.82312
AIR31518091,1,0,,34.9897,-116.28695
AIR32793541,0,0,,34.24167,-116.86982
AIR33493767,0,0,,34.25977,-116.83701
AIR35883636,0,0,,34.11284,-116.4063
AIR37282173,0,0,,34.23135,-116.85686
AIR39084035,1,0,,34.23433,-116.8529
AIR39223833,0,0,,34.24742,-116.23678
AIR40228320,1,0,,34.23893,-116.94617
AIR932814,0,0,,34.24682236,-116.8987427
AIR14253315,0,0,Glenwood Drive,34.9873,-116.30344
AIR17591943,0,0,,34.23971,-116.85991
AIR17607622,1,0,,34.22974,-116.85952
AIR18684084,0,0,,34.15109,-116.4322
AIR18684086,0,0,,34.25069,-116.87227
AIR18807721,0,0,,34.23003,-116.84389
AIR21719102,1,1,,34.24476,-116.93217
AIR22100016,0,0,,34.25946,-116.85936
AIR22956685,1,0,,34.12007,-116.34581
AIR24669208,1,0,,34.24136,-116.90559
AIR30057259,1,0,,34.13768,-116.41002
AIR30057264,0,0,,34.26185,-116.83582
AIR30122406,1,0,,34.15116,-116.37408
AIR30145559,1,0,,34.20889,-116.38221
AIR30145569,0,0,,34.14159,-116.31331
AIR30968758,1,0,,34.24281,-116.85732
AIR31141479,0,0,,34.15842,-116.30707
AIR32636242,0,0,,34.24235,-116.8247
AIR34024409,0,0,,34.14294,-116.31496
AIR34976249,1,1,,34.23611,-116.88716
AIR35416463,1,0,,34.13908,-116.41505
AIR37990986,0,0,,34.11478,-116.40227
AIR39606307,0,0,,34.24647,-116.87759
AIR39948646,0,0,,34.17267,-116.35218
AIR40236432,0,0,,34.22726,-116.85398
AIR40288939,1,0,,34.23815,-116.88636
AIR40428322,0,0,,34.22741,-116.86463
AIR40526108,0,0,,34.17267,-116.32046
AIR5819912,0,0,Silver Tip Drive,34.26051,-116.84338
AIR5933057,1,0,,34.24097,-116.88956
AIR6691895,1,0,Silver Tip Drive,34.14924,-116.42077
